4293,1996,1023,901,2443,1224,308,2556,1846,354,605,1842,2025,606,1667,366,2601,1083,395,826,2318,871,796,4172,3019,2154,2704,555,907,1182,3836,1058,4549,1156,1284,483,177,1801,348,183,461,1493,309,296,346,407,459,452,396,516,2022,472,202,1658,915,507,4626,2428,1295,463,450,394,2222,1086,4147,1428,2787,936,1322,2157,671,1533,2808,1056,191,737,1264,1312,195,985,149,2002,990,707,1307,1208,535,629,562,2400,798,480,708,2689,1059,1094,347,831,2663,342,1980,1126,686,1267,894,284,658,949,2607,758,383,4817,950,1404,1554,258,944,761,454,675,586,1018,2281,425,2332,2537,5678,2201,704,689,837,2799,1325,5263,814,736,231,2300,1002,1932,493,2019,1353,3058,1222,1052,2623,1504,1795,797,5372,2919,579,3306,3152,1776,1275,555,988,383,1032,3839,3843,474,602,516,346,1558,590,325,399,1179,608,958,1118,2142,1260,2077,865,1755,2305,669,4471,1313,859,1396,2012,1083,5064,1298,312,570,423,1030,1701,3010,2062,1888,1235,405,1328,762,4362,1345,671,706,436,2673,552,3060,1337,558,304,455,2073,1166,1513,1725,695,992,2524,2717,3526,4663,3912,4054,5432,1724,2869,1202,3059,400,4429,137,870,665,1139,117,423,331,902,3448,1303,952,261,452,716,855,255,553,1648,136,663,805,798,2993,2892,421,449,1284,605,2376,360,845,390,2349,4113,935,1356,1160,1465,1749,1212,1087,338,121,628,1473,446,882,344,246,760,1139,3650,577,1079,1002,1487,1829,1709,1229,2515,1362,1080,2586,1602,1961,2592,1587,1198,705,686,655,938,865,1557,926,1584,3035,897,935,1092,1213,913,2668,2405,2128,1097,1195,2746,1827,1249,837,1587,3360,2165,677,1086,1940,3199,1568,1824,977,2824,4188,3264,4094,2733,1174,1396,2365,1581,2381,4305,2686,3026,1411,2110,2210,2576,2194,858,2284,1648,1034,1490,1749,837,3337,1498,2277,1921,1107,1462,1629,668,647,2311,2397,818,1203,1146,3327,1050,3995,1003,1285,1295,545,1702,1382,1316,1004,1795,3199,1454,1765,2516,1495,1240,1161,1132,1946,1586,646,1735,1080,1200,1816,1169,1402,1701,2453,1946,2512,1868,1530,905,1724,1470,641,526,1227,739,1715,1790,904,2365,2702,1612,1576,1090,2035,3479,2297,1177,1517,2351,2928,566,1617,1743,1888,1283,1985,1538,1388,1717,771,2438,1189,2894,2953,1284,1268,2018,1276,1313,1495,2366,1298,691,808,1312,615,1009,2026,867,2625,976,971,1604,2503,994,2250,1411,1920,1369,1279,1106,1380,1998,2013,644,1121,1088,3543,1762,902,1018,1525,757,754,667,1455,1141,797,2267,922,1006,853,1129,1252,2234,1763,778,1824,1128,2247,1076,1603,1665,1950,1958,1131,1504,2070,727,533,866,662,1538,2710,1660,1262,1228,874,1414,933,857,2033,1424,1013,877,1583,4262,995,1012,738,1688,1761,2957,1808,1554,1363,2466,1909,866,1486,1882,1107,2272,1939,1525,2977,510,930,816,905,3671,1347,1091,2069,754,2269,1475,4048,705,1406,869,2287,2483,1245,3147,2407,2793,655,1336,1773,870,1451,882,700,1116,718,843,856,2134,2003,1301,1631,1542,1177,930,822,1799,1528,1327,1408,1660,1910,876,1016,753,3065,1696,861,1831,1394,1077,2569,638,777,917,2089,754,1714,619,1676,1536,2715,1634,1223,1911,2064,1956,2783,1327,2896,1249,959,2196,1695,2259,2123,3121,2132,1514,1095,1216,2241,1102,1646,1765,2314,1190,1062,1413,2827,1736,1586,2104,2183,1827,2438,1831,1379,1142,1738,1471
3169,1547,754,599,1570,759,176,1851,1013,229,325,1333,1135,335,1462,295,1460,753,273,459,1248,596,527,2890,1933,1178,1731,260,710,601,2918,910,3069,572,710,321,98,1047,286,138,322,1108,168,137,191,269,214,262,221,256,1343,209,77,1341,550,336,3379,1555,802,208,288,215,1325,962,2898,866,1913,794,874,1196,330,1146,2070,767,199,510,894,1008,116,717,122,1425,721,429,868,657,273,451,290,1717,584,201,324,1679,512,585,218,407,2068,163,1136,641,284,595,557,120,295,545,1794,546,202,3518,549,671,960,223,530,462,238,400,291,646,1482,373,1531,1899,4018,1163,465,437,657,1867,863,3727,525,467,152,1385,634,1276,258,1219,844,2398,792,458,1561,886,1313,643,3954,1879,373,2450,2341,1260,1119,232,579,301,644,2774,2662,237,389,300,223,1086,367,187,255,903,388,630,778,1513,841,1172,586,1373,1470,558,2994,1110,465,820,1188,629,3732,1027,177,349,284,623,1014,2355,1409,1135,625,323,1177,471,3015,720,445,377,247,1871,317,2200,942,397,173,204,1404,913,999,1038,433,570,2005,1841,2393,3397,2569,2833,3776,1251,1923,881,2216,239,2723,90,465,420,726,79,278,148,499,2573,984,572,175,211,389,672,170,270,992,97,447,559,555,2246,2120,300,382,947,292,1680,234,626,287,1848,3237,646,1183,714,1131,1326,768,728,186,60,429,1202,313,517,263,134,488,733,2636,369,660,643,1022,1203,1101,726,1658,816,721,1750,1083,1326,1788,1098,662,302,394,519,605,699,1067,632,1140,2435,578,740,859,784,638,1831,1617,1755,689,884,2153,1355,973,542,941,2430,1879,390,745,1331,2533,1241,1145,541,2058,3163,2163,3164,2133,812,970,1836,1113,1818,3179,1889,2318,1024,1473,1664,1874,1791,636,1562,935,610,997,1103,530,2665,942,1834,1193,777,999,1056,427,353,1852,1653,607,918,805,2411,665,3107,699,1005,766,320,1108,953,814,686,1237,2650,983,1174,1674,1145,901,872,762,1300,975,495,1389,708,830,1230,805,975,1434,1781,1491,1803,1123,1092,638,1456,969,400,326,879,448,1664,1236,578,2084,2320,1309,1346,741,1653,2814,1776,877,1201,1786,2033,421,1406,1148,1404,1045,1566,1127,901,1402,648,2181,965,2267,2525,1065,968,1599,863,987,1226,1837,1001,363,557,916,471,588,1938,645,2263,567,598,1234,2100,653,1661,1123,1516,1183,1075,857,1149,1736,1813,358,811,802,2780,1573,514,697,1158,560,487,484,948,765,511,1997,575,660,524,854,1064,1787,1412,390,1337,854,1793,885,1148,1252,1317,1937,683,1374,1594,468,369,578,442,952,1804,1153,825,951,623,1092,653,547,1734,1096,761,687,1366,3645,819,697,528,1008,1549,2308,1395,1091,1088,2096,1404,644,1108,1488,939,1930,1538,1236,2379,376,542,551,618,3067,961,712,1506,476,1713,949,3187,517,1138,577,1717,1945,979,2922,1886,2081,511,1047,1551,504,1247,702,429,814,401,580,625,1779,1858,1001,1138,1202,869,553,530,1441,1110,983,1146,1234,1465,649,770,557,2758,1462,682,1465,1157,832,2345,546,663,667,1683,651,1486,487,1503,1394,2313,1583,1001,1695,1726,1568,2539,1259,2869,1091,828,2164,1568,2231,1975,3142,1960,938,1201,1082,2231,970,1609,1807,2316,1093,1086,1379,2982,1681,1725,2188,2440,1984,2693,1879,1567,1251,1864,1582
3375,1381,825,782,1862,987,282,2081,1526,267,475,1185,1545,406,1179,290,2180,764,315,698,1741,602,565,3223,2405,1671,2008,422,697,745,2795,785,3240,837,874,423,170,1380,294,156,348,947,211,248,288,363,376,348,268,367,1665,375,150,1127,639,411,3680,1711,1017,337,389,365,1772,713,3139,1019,2308,684,1188,1834,511,1016,2264,792,151,519,916,1062,143,620,158,1709,754,491,1053,827,450,575,406,1816,570,364,528,1906,738,992,373,660,2024,288,1297,903,528,899,590,252,490,773,2030,560,314,3875,662,1054,1289,239,624,606,409,489,453,775,1798,261,1969,1663,4385,1663,537,424,773,2419,1121,3849,533,536,229,2031,800,1282,403,1656,948,2358,855,705,2351,1159,1269,580,4198,2125,457,2489,2264,1220,867,360,665,265,833,2900,3174,342,439,393,283,1317,410,258,327,973,398,613,897,1793,1024,1656,615,1304,1866,448,3651,961,614,906,1597,644,4036,930,224,432,304,928,1161,2086,1389,1280,834,314,864,478,3284,950,472,516,368,2034,393,2166,967,378,245,329,1432,853,1139,1224,518,717,1697,2084,2914,3809,3085,3286,4275,1332,2464,899,2176,253,3395,132,751,535,841,89,386,294,713,2640,1052,772,231,351,596,583,203,476,1264,106,548,587,606,2301,2204,359,369,837,549,1627,335,594,285,1443,3103,689,861,923,1142,1320,960,864,246,94,451,1005,340,621,266,175,584,840,2684,453,758,699,995,1212,1217,820,1715,988,714,1820,1131,1257,1868,961,935,475,558,421,679,457,1093,679,1019,2089,643,636,637,868,595,2093,1570,1311,743,726,1690,1179,775,598,1106,2479,1284,487,664,1518,2078,986,1269,695,1927,3219,2385,2896,1996,714,923,1604,1098,1482,3475,1765,2242,990,1407,1488,1848,1439,530,1556,1197,670,1119,1209,633,2377,1076,1188,1363,748,949,1171,517,471,1422,1707,603,763,740,2354,761,2899,637,790,907,360,1322,943,880,700,1288,2046,906,1329,1730,966,797,730,702,1636,1174,444,1131,765,918,1376,858,1053,988,1722,1314,1702,1396,1095,625,1132,1013,474,392,742,556,996,1215,696,1384,1770,1073,945,745,1411,2426,1566,774,1086,1604,2239,336,974,1116,1285,848,1260,928,936,1130,436,1302,811,1711,1902,771,739,1242,845,893,911,1624,751,511,498,932,459,657,1203,538,1603,675,744,1068,1559,608,1538,979,1388,881,764,714,861,1257,1205,520,774,729,2475,1047,625,797,1041,536,552,477,976,805,550,1317,637,649,550,708,736,1398,1153,624,1092,710,1306,656,1100,960,1144,969,749,937,1582,570,383,625,475,1104,2130,1180,884,715,574,861,664,543,1149,1011,651,572,875,2886,664,706,517,1231,1076,2069,1213,1045,846,1637,1167,628,1069,1259,728,1465,1388,1014,2113,369,683,580,592,2479,930,799,1407,470,1455,1094,2946,555,880,574,1682,1536,822,1760,1693,1851,476,766,1023,696,925,611,435,741,485,470,546,1474,1164,792,1170,1023,673,604,531,1049,889,827,766,1109,1105,581,616,511,1814,1044,492,1191,920,694,1514,444,455,598,1199,417,927,353,910,879,1489,780,587,1128,1067,1079,1322,662,1441,611,472,1048,868,999,900,1542,939,1182,453,567,1077,455,773,740,1065,544,420,637,1200,681,636,857,868,738,961,685,513,429,664,524
2795,1511,1060,983,1194,1131,363,1755,1511,235,324,727,1200,180,1176,337,1294,715,355,557,1029,97,635,1897,1924,1049,1536,145,599,446,1861,953,1699,352,368,476,242,1593,283,159,175,460,166,348,235,531,390,267,247,217,1558,293,174,1132,642,424,3000,565,712,261,482,482,1363,739,2893,851,1923,923,1080,1724,86,719,2136,955,256,442,724,947,184,277,172,1795,884,431,797,375,376,681,519,1710,477,309,441,718,483,914,427,459,1772,276,494,933,574,414,149,297,261,812,1447,696,382,2653,716,494,1202,271,304,380,511,738,429,831,1087,73,1858,968,2697,1093,478,85,885,2003,1391,2902,137,292,147,1742,667,806,372,1868,512,2128,335,271,2129,1272,903,677,3671,1610,585,2509,2000,1398,870,384,354,383,895,2657,2772,402,359,431,250,1109,303,339,374,1054,195,340,1011,1707,901,1438,218,1167,1896,653,3055,886,487,427,1344,339,3469,871,306,510,138,1051,811,2333,1165,791,512,311,925,644,2347,624,504,322,306,2179,359,991,722,325,279,212,851,1001,1153,496,94,615,1872,2155,2594,2833,2736,2628,2982,1186,2238,813,2392,314,1588,233,358,491,784,193,452,252,646,2347,1022,506,223,104,236,582,273,273,1067,187,566,210,457,2052,2273,266,361,319,401,522,314,611,345,429,2775,752,799,513,1229,1252,974,898,183,136,514,1073,338,453,208,121,451,818,1434,317,486,403,424,534,479,377,901,360,596,1275,860,502,830,805,531,96,396,471,624,517,924,532,999,1611,568,547,453,290,464,1598,889,653,400,785,617,722,633,254,425,1788,1386,173,299,961,1217,405,695,305,928,2148,1611,2089,1184,400,485,567,649,617,2467,765,1208,404,656,910,862,678,194,842,382,433,453,721,189,1648,648,1069,593,248,554,354,248,168,743,1013,179,510,323,1597,247,2153,545,604,442,172,605,602,375,511,367,1737,834,729,1322,583,449,394,435,1199,504,587,971,539,691,948,657,814,979,1107,757,1491,578,724,322,847,777,436,279,349,258,1049,612,426,1011,1204,890,858,720,992,1910,1066,708,967,1291,940,234,726,467,623,557,680,378,656,703,362,999,455,1302,1713,673,244,408,412,297,801,1166,697,183,520,515,403,319,1188,538,1152,420,273,745,1222,469,1020,495,1051,809,532,529,912,1037,1094,323,276,368,1728,971,178,591,928,430,417,368,736,407,267,1150,341,441,384,511,573,888,689,239,959,404,832,487,785,698,623,529,361,867,1195,263,237,463,407,313,1183,858,575,777,283,695,490,486,819,581,418,444,310,2047,609,231,470,411,940,1422,849,492,857,1172,355,517,706,532,613,1124,745,488,1364,259,291,572,333,1766,716,398,816,331,1033,601,1554,507,454,221,1011,1106,485,1116,1001,703,388,526,565,364,523,427,304,545,238,343,525,1209,1154,244,706,570,636,407,351,1024,548,483,673,650,451,533,437,450,1525,914,413,788,902,535,1263,377,366,298,662,588,876,363,885,612,1017,427,587,1006,654,579,764,665,1511,428,571,1153,904,1085,568,1435,1013,651,678,726,1120,430,761,897,1022,533,248,800,1312,814,722,1047,1150,568,1155,486,765,608,785,613
1670,520,458,394,886,594,93,1044,761,97,403,588,1420,230,433,90,1239,347,100,253,1303,309,259,1742,1415,1300,1044,371,219,501,1352,339,1723,692,915,176,72,885,101,62,53,252,115,150,89,199,172,95,74,212,772,241,74,367,428,182,1706,1040,420,128,141,218,1118,193,1858,593,1212,291,457,992,399,368,1132,346,58,149,402,361,54,148,59,933,386,224,396,362,250,216,214,921,123,258,370,880,471,567,142,401,906,115,892,528,295,633,430,93,325,424,1103,265,138,1747,561,1054,671,55,660,318,175,301,218,557,1077,215,1012,704,2612,1215,179,450,377,1152,432,2201,392,237,57,1075,250,892,133,1025,660,1162,615,638,1244,686,501,231,2193,1410,247,1192,998,478,381,261,333,84,443,1328,1537,213,170,168,86,783,137,97,113,448,175,310,391,866,426,885,164,482,1154,159,1964,306,444,542,723,540,1936,307,107,182,130,358,915,1052,854,1166,842,94,338,162,1962,514,304,238,117,1079,188,838,323,80,59,154,715,335,490,612,305,311,768,1048,1534,1616,1899,1789,2426,609,1328,355,1174,95,2081,47,284,281,395,42,180,184,269,1175,386,426,81,137,199,189,60,246,754,37,218,360,205,913,1007,102,146,437,147,635,111,254,111,822,1423,293,365,240,427,510,441,414,94,50,220,368,138,449,103,40,155,371,1153,145,354,315,449,539,521,375,809,415,325,697,513,571,731,379,422,390,151,83,216,125,387,189,394,561,233,191,276,269,245,848,644,532,423,228,608,371,264,216,589,854,365,263,272,354,751,476,791,382,870,1099,866,1010,577,247,398,573,459,561,1312,704,679,150,506,472,657,365,238,698,716,224,556,514,285,680,315,494,636,299,374,507,147,205,384,597,74,227,292,753,307,940,296,199,349,189,409,317,310,208,473,525,304,539,678,211,237,162,219,630,501,184,199,163,222,367,205,268,325,433,392,606,506,283,181,272,289,146,184,249,119,241,379,188,358,426,257,197,230,299,707,456,180,232,460,887,111,263,416,534,164,358,341,347,219,172,409,141,661,733,182,259,394,300,201,229,577,165,185,119,252,105,174,255,93,510,253,245,264,558,222,431,222,275,194,131,98,220,270,256,153,293,209,899,262,281,220,283,134,157,120,247,153,124,274,137,166,162,149,112,366,285,286,306,155,432,170,326,290,544,296,352,198,442,121,143,139,150,396,941,336,250,222,164,232,118,173,257,249,192,140,241,908,158,199,117,489,213,579,270,324,261,485,411,110,280,322,170,379,442,378,586,79,175,190,138,803,306,251,393,72,376,274,1244,161,228,226,346,371,165,555,466,666,99,119,247,303,208,121,134,245,110,116,92,429,266,243,228,347,140,151,83,319,278,153,179,242,301,89,84,72,426,217,66,316,163,125,296,69,50,86,321,68,178,44,203,124,382,146,174,237,253,278,368,170,358,83,68,243,139,195,292,374,239,450,71,104,154,102,112,122,215,56,86,76,306,129,98,184,174,148,232,181,109,55,132,73
2316,770,422,352,1473,546,111,1171,880,145,391,1207,1324,333,671,156,1528,502,141,342,1672,888,286,2621,1785,1536,1467,503,385,808,2250,428,3011,891,1011,177,58,682,157,87,254,851,161,98,130,131,171,174,200,275,897,208,59,783,446,202,2419,2197,713,182,156,160,1014,472,1985,634,1296,317,545,875,858,751,1248,403,73,304,589,566,59,523,68,799,415,301,559,780,225,224,168,965,327,189,350,1805,471,387,112,409,1160,140,1496,461,244,1069,982,86,329,403,1201,299,119,3076,433,977,705,97,653,353,158,217,203,434,1298,449,948,1514,3727,1392,367,714,316,1194,465,3024,697,370,100,980,421,1192,187,744,822,1362,879,842,1124,617,864,339,2814,1665,205,1406,1381,747,632,228,572,131,424,1902,1751,184,299,212,139,721,270,105,131,474,380,583,470,899,536,924,668,776,1008,242,2423,645,382,1032,1023,724,2607,553,101,168,352,406,1038,1299,1006,1296,834,173,573,267,2857,713,294,458,183,1248,230,2337,750,224,95,201,1249,433,621,1215,813,467,1104,1186,1676,2593,1934,2198,3471,943,1355,615,1421,149,3363,42,483,281,564,49,157,127,349,1621,565,539,121,324,471,363,85,316,850,42,246,679,342,1379,1283,214,171,1008,262,2080,134,385,160,1849,2070,388,677,668,604,793,429,458,168,41,281,655,181,547,165,105,382,500,2705,276,757,710,1402,1508,1549,970,1997,1210,555,1588,958,1775,1944,977,808,721,324,244,416,370,768,469,754,1631,401,449,646,1017,456,1499,1531,1572,879,572,2129,1151,695,626,1291,1919,1061,622,821,1174,2221,1256,1308,710,2096,2727,2053,2558,1817,820,1045,1870,1102,1917,2633,2136,2077,917,1656,1407,2036,1574,609,1683,1658,650,1114,1114,767,1983,921,1189,1500,836,1015,1666,483,592,1607,1468,623,731,916,2002,1003,2300,461,657,930,406,1261,835,1012,500,1643,1649,730,1216,1536,923,835,673,693,985,1261,255,831,560,634,1045,643,796,895,1496,1110,1211,1492,876,519,1009,785,245,267,900,435,819,1233,562,1387,1524,790,744,526,1209,1961,1306,555,725,1323,2481,241,907,1251,1296,730,1313,1261,956,1009,434,1456,739,1718,1858,668,1121,1626,858,935,773,1463,653,559,326,833,280,858,1018,409,1706,628,861,1025,1512,516,1357,980,1085,763,673,567,691,1048,1084,372,1003,804,2271,868,940,525,796,394,356,348,775,664,583,1165,518,581,506,554,622,1348,1246,707,992,713,1412,583,963,925,1323,1207,831,743,1185,517,407,438,342,1504,2037,997,685,555,732,797,455,374,1265,934,615,467,1079,2702,496,840,378,1568,852,1876,1089,1061,717,1577,1601,440,907,1396,583,1307,1479,1320,1895,296,685,394,618,2357,805,879,1374,405,1350,983,3147,338,1031,740,1403,1446,759,2106,1574,2268,309,690,1023,569,917,467,375,611,537,409,426,1282,813,1137,924,1086,533,532,479,920,938,744,670,1033,1347,344,504,371,1610,885,386,1134,603,558,1443,295,357,474,1364,250,792,240,853,840,1724,901,552,900,1371,1305,1777,682,1492,636,399,1066,732,1053,1378,1743,940,1077,408,450,1128,584,846,786,1206,507,656,575,1516,793,761,971,998,1037,1247,1065,549,445,851,679
1987,1012,801,723,891,569,402,1464,768,290,197,464,584,164,1082,312,895,475,301,419,682,101,469,1521,1225,660,1138,92,603,259,1492,598,1158,184,195,327,189,901,297,221,232,409,98,233,250,392,255,335,186,150,1232,172,137,958,348,311,2231,372,618,235,460,320,872,636,2005,461,1655,711,906,1188,43,615,1735,655,199,413,625,837,175,283,163,1380,550,302,722,298,236,594,241,1339,475,186,194,583,312,682,380,244,1498,190,291,538,285,195,87,228,123,499,1213,482,220,1933,336,196,713,267,142,309,351,421,246,455,901,62,1432,718,2121,623,328,45,682,1679,963,1868,96,271,179,1437,609,470,315,1153,270,1778,189,112,1570,806,774,517,2647,914,393,1700,1571,859,692,174,252,319,607,1961,2098,200,270,293,247,943,288,214,285,904,112,210,670,1393,762,869,189,1023,1235,395,2247,697,211,236,854,165,2634,690,193,306,130,825,346,1556,622,384,174,291,693,350,1452,329,267,253,240,1253,287,663,496,299,218,162,633,703,758,398,69,394,1229,1405,1866,2336,1875,2061,2235,684,1567,515,1496,184,990,212,296,304,490,178,391,157,366,1707,811,394,192,101,221,497,241,166,657,152,445,161,441,1478,1701,311,397,225,332,317,232,524,290,346,2154,495,692,431,979,1013,655,556,142,100,290,682,275,184,239,148,396,498,998,280,193,170,167,249,219,163,432,172,225,679,369,195,538,329,232,34,258,317,312,286,468,294,394,1094,359,378,307,187,305,1165,473,388,210,392,482,422,375,170,205,1144,773,57,191,662,778,284,332,126,560,1504,997,1373,835,182,221,390,318,353,1826,494,908,368,420,577,573,454,122,384,150,176,244,325,95,1198,327,501,266,168,264,155,159,77,522,574,175,267,138,1026,114,1473,239,427,257,101,371,317,204,276,198,1086,381,401,626,450,257,275,274,928,298,436,643,330,494,598,430,536,496,715,595,819,342,422,326,639,419,275,147,215,210,668,342,311,663,866,614,583,357,700,1318,642,405,615,758,561,128,395,282,327,359,443,213,253,514,146,523,354,666,1035,468,161,293,228,226,509,624,474,128,284,397,342,188,767,370,709,190,152,439,649,191,595,325,675,516,350,357,548,660,721,204,187,249,1163,628,73,364,518,223,228,179,362,313,151,645,244,235,186,318,445,557,381,98,479,266,445,305,427,376,295,383,176,604,747,190,139,344,250,218,673,471,354,407,185,391,369,226,532,397,229,300,211,1530,453,169,310,250,638,1006,538,313,365,810,217,446,518,468,437,837,540,310,970,218,263,341,212,1204,421,268,491,193,591,387,1056,364,251,114,704,661,306,805,649,457,276,373,397,183,365,298,134,274,121,144,300,804,642,138,510,323,322,196,189,548,310,299,313,338,264,309,278,305,987,647,272,472,549,373,871,273,285,251,368,322,521,191,588,391,596,276,237,552,348,346,458,264,840,238,259,605,474,573,292,862,489,329,340,277,629,144,457,435,532,298,158,407,786,349,395,508,610,347,667,248,392,272,413,332
671,343,190,146,339,179,53,395,218,58,92,363,263,91,337,68,326,199,65,133,275,166,151,638,418,255,403,76,159,148,674,234,717,140,205,74,32,239,73,40,80,251,47,44,50,68,43,81,56,61,281,55,31,335,153,94,765,438,197,57,68,64,292,232,633,216,447,222,188,259,103,258,451,206,50,117,232,220,29,175,44,308,190,116,207,146,65,95,60,376,130,47,73,367,119,131,55,97,435,34,289,166,72,146,149,38,70,131,387,118,39,769,142,146,224,62,136,117,75,117,72,167,346,98,345,424,932,253,109,129,170,411,181,877,121,108,34,307,152,329,67,252,216,508,189,119,312,219,303,143,870,397,80,529,468,294,280,45,158,64,146,564,577,60,97,80,53,288,113,46,59,216,79,148,208,348,214,244,176,333,325,125,645,259,107,211,256,147,832,224,45,82,71,164,228,493,321,294,146,67,277,114,703,171,118,82,60,375,61,494,240,72,50,41,345,225,240,255,117,145,422,397,537,738,598,644,901,328,437,241,480,60,628,30,104,121,179,40,71,44,112,529,251,155,46,62,111,146,44,69,237,35,117,158,159,449,438,71,90,214,81,427,50,160,67,450,648,167,290,184,256,270,174,177,41,29,99,299,62,121,67,35,138,163,653,90,163,163,281,319,305,223,417,223,167,438,284,375,436,274,177,77,101,120,172,163,246,177,248,544,139,179,224,202,152,437,390,420,194,190,540,332,249,133,246,566,419,107,231,302,581,296,240,105,513,709,464,704,466,203,229,465,275,467,689,472,540,254,400,401,464,435,146,396,278,138,247,262,122,597,221,446,301,174,270,286,114,83,494,370,155,205,210,558,162,685,159,230,203,70,268,269,220,160,318,565,252,308,388,274,243,209,203,276,252,121,310,174,202,288,183,208,311,432,317,400,251,273,168,383,225,100,80,232,108,372,318,137,478,555,282,288,155,357,598,376,224,255,428,469,93,334,286,296,257,370,328,209,294,141,495,210,511,522,245,280,385,222,239,278,448,220,90,131,238,120,149,428,170,515,153,163,296,550,159,394,298,352,307,265,200,252,421,439,73,221,199,633,343,137,184,281,152,126,126,222,190,128,450,157,147,140,206,232,448,348,93,311,196,454,195,302,315,302,486,181,304,367,134,90,129,110,289,408,271,181,195,165,247,155,100,423,270,182,182,312,846,197,190,111,281,367,464,348,302,243,503,364,162,292,386,205,445,345,339,549,92,141,127,152,688,211,178,377,99,413,218,784,134,284,183,375,441,245,758,480,553,114,263,377,122,312,159,109,184,99,134,155,417,429,283,245,310,221,136,149,365,309,234,270,284,368,153,179,118,631,335,145,354,249,195,538,117,144,147,417,149,323,109,318,290,589,356,223,356,439,425,626,303,663,241,195,483,371,506,508,759,447,228,272,213,467,232,334,403,515,230,260,313,728,365,362,487,537,492,653,469,328,276,392,335
1331,584,324,273,790,194,171,1036,270,122,115,481,233,167,748,156,648,268,163,209,419,134,230,1382,662,367,594,57,475,143,1367,252,1254,114,110,134,44,360,168,90,203,480,42,51,113,140,113,209,80,67,752,82,30,697,137,169,1661,444,527,114,176,62,499,503,1277,273,1062,375,478,684,50,531,1156,343,88,270,464,595,76,347,93,724,268,186,464,305,98,299,49,887,330,66,43,748,114,326,178,119,1093,88,255,192,82,161,68,70,70,195,833,209,98,1584,100,85,293,143,78,203,117,172,120,178,806,84,814,697,1918,382,184,31,437,1105,393,1555,120,233,125,854,399,317,156,428,153,1206,152,70,888,371,671,238,1764,441,164,925,1053,487,520,55,141,127,252,1186,1336,74,149,136,152,555,230,81,123,523,97,237,393,812,455,407,227,732,620,189,1460,531,76,198,484,139,1778,432,71,115,137,393,167,839,349,188,75,191,519,172,1095,187,89,138,117,526,144,699,388,200,100,83,456,348,490,457,54,222,688,644,1115,1743,1106,1451,1667,360,781,294,718,30,873,66,288,127,254,47,194,60,165,1126,484,243,70,138,211,280,81,79,261,55,181,187,234,1061,916,179,229,243,162,379,80,262,109,563,1471,189,486,357,569,511,279,285,54,29,80,387,96,45,166,73,283,243,930,151,78,64,158,167,135,98,298,126,61,401,174,218,503,144,82,25,137,186,132,169,197,141,164,906,164,249,179,214,192,721,330,507,109,145,760,355,203,157,124,775,525,52,177,473,824,368,156,71,484,1329,743,1145,759,148,163,515,184,437,1471,573,818,498,333,518,574,583,138,257,102,84,238,188,47,947,240,340,141,165,212,139,89,38,506,384,248,174,123,697,103,1085,69,336,149,48,269,209,171,136,313,923,211,214,293,462,185,208,166,586,193,147,473,231,361,431,304,395,312,509,493,440,219,349,280,465,262,98,66,218,187,513,323,157,694,831,378,430,109,546,1020,488,265,365,592,501,73,395,323,256,283,423,251,125,475,63,497,356,546,687,398,223,443,178,294,350,365,342,93,104,362,181,137,636,245,626,62,82,303,500,73,399,292,487,378,287,265,364,494,570,73,165,223,1027,463,64,152,282,146,111,76,199,246,97,569,177,99,80,241,442,469,364,24,304,284,357,200,281,278,238,635,86,513,499,120,100,214,105,253,348,246,197,156,167,236,305,129,616,326,155,222,475,1512,273,209,142,224,489,885,389,276,170,761,302,284,418,619,309,737,502,289,766,119,222,118,158,1005,273,264,415,110,386,283,1096,177,265,82,610,550,291,1095,525,575,171,346,496,69,338,242,56,183,64,63,167,558,513,180,378,259,168,93,135,309,159,275,207,291,295,173,218,172,948,565,202,322,407,213,870,119,221,206,386,192,398,63,484,362,662,548,98,446,363,418,657,150,798,209,130,581,339,655,300,1009,422,195,274,133,658,96,446,514,678,265,196,275,950,358,489,518,649,564,834,394,349,345,444,427
1074,412,180,171,614,161,33,574,271,52,142,630,505,165,472,54,562,252,55,111,668,461,153,1310,759,585,640,185,218,293,1244,260,1487,327,451,70,15,286,64,34,89,438,63,28,50,46,56,72,58,84,394,65,12,397,217,90,1177,1146,265,59,69,49,423,253,959,276,644,219,206,320,388,420,665,207,62,145,290,277,26,265,36,422,211,142,243,291,68,114,54,561,141,50,95,808,187,157,45,153,672,39,731,178,74,412,459,24,126,132,619,143,35,1406,170,365,269,49,281,182,69,125,70,225,717,244,404,767,1971,521,143,427,196,557,201,1513,320,176,39,409,154,600,58,299,406,789,460,303,400,241,438,184,1478,749,93,748,746,315,373,55,253,79,135,906,826,59,125,71,67,367,153,33,60,255,132,258,218,470,247,299,270,407,433,140,1032,342,161,464,360,314,1338,309,31,70,132,137,411,680,478,664,320,93,347,112,1387,282,113,167,67,559,74,1159,351,112,32,74,618,269,268,543,342,157,609,509,762,1242,927,1078,1701,445,616,308,750,36,1534,27,182,160,202,23,69,51,104,777,234,247,40,116,160,178,21,105,318,37,96,327,158,605,580,94,87,458,58,1171,51,170,54,1064,1008,194,378,239,282,375,173,173,46,20,108,283,92,174,76,37,150,182,1375,103,338,335,711,771,685,484,928,567,239,722,499,927,1044,443,347,229,110,115,176,182,353,204,362,770,147,222,309,378,221,667,757,936,432,265,1157,608,336,297,545,877,592,324,363,438,1151,615,527,244,1193,1274,772,1188,833,377,502,1145,514,1104,1169,1020,1016,375,830,716,1033,925,298,789,800,217,539,464,336,969,304,688,705,383,470,811,201,252,1023,663,281,290,504,897,439,1095,238,286,367,156,484,386,444,229,765,789,282,532,632,439,470,343,305,397,498,129,415,221,292,418,271,320,470,684,549,536,603,358,238,553,338,95,112,415,151,455,497,190,750,859,346,394,182,558,984,549,194,327,580,1065,124,469,552,606,306,608,657,380,462,203,809,335,839,953,320,586,867,386,438,335,691,284,174,142,355,120,261,560,171,886,256,354,451,870,223,629,544,451,386,353,252,293,567,595,107,586,378,1060,523,364,229,369,199,146,145,290,275,214,628,221,232,196,259,301,729,528,190,399,289,816,264,405,436,599,810,296,362,513,222,160,151,126,638,786,395,270,248,348,365,180,120,652,442,240,210,611,1403,215,341,126,603,437,840,476,519,351,797,840,164,449,681,224,649,699,685,908,108,205,152,223,1143,270,282,604,123,593,334,1618,121,448,325,636,672,372,1324,768,1242,123,325,565,215,486,213,143,286,159,181,140,587,475,655,319,517,212,177,170,466,504,337,365,476,722,109,192,127,874,429,168,541,269,219,758,113,174,246,711,99,396,98,494,379,987,581,261,444,789,802,1151,354,946,351,194,588,384,611,979,1148,580,479,248,230,633,319,447,442,752,270,526,319,1063,467,489,625,687,794,910,870,393,278,521,445
1262,528,442,432,545,433,150,807,519,134,176,286,584,112,512,109,629,263,147,257,556,108,271,1040,794,536,663,116,272,168,872,317,778,207,265,210,101,680,140,100,103,245,79,165,121,218,175,156,67,110,717,144,101,444,254,218,1343,398,352,133,239,232,763,266,1264,352,978,355,480,792,81,328,978,321,102,210,349,421,72,143,83,807,314,175,387,198,208,289,191,753,207,175,197,482,265,447,188,208,803,129,319,387,238,207,109,135,139,304,825,263,163,1296,302,313,518,129,187,220,214,265,142,345,625,46,822,435,1452,500,172,105,350,1024,537,1223,94,171,107,920,294,385,170,781,243,1025,189,184,1017,449,385,224,1469,655,228,902,831,414,284,97,149,116,352,978,1251,201,107,126,104,626,154,101,110,473,78,190,375,788,413,500,110,431,723,177,1286,286,187,176,481,147,1437,280,83,150,73,466,305,807,420,352,238,114,263,154,986,219,195,146,95,693,128,541,232,111,81,101,416,310,439,303,84,212,552,768,1172,1255,1243,1293,1397,414,1043,269,790,121,878,108,231,183,315,103,239,99,243,999,463,273,100,90,146,253,109,136,463,83,248,155,233,849,922,130,208,157,163,320,135,275,175,317,1235,286,317,254,510,580,431,338,79,70,191,398,156,184,157,79,200,315,721,168,183,152,207,250,240,188,409,229,184,465,302,240,453,220,237,87,175,124,179,115,278,184,258,560,225,219,193,168,182,753,367,277,206,192,337,238,190,119,246,717,357,107,158,386,493,198,345,142,470,901,625,801,514,137,212,331,241,307,1149,382,630,243,341,367,431,329,87,338,276,149,266,279,136,645,216,269,286,125,218,256,131,102,323,402,129,173,162,579,150,796,158,186,213,83,298,220,172,209,239,542,208,347,416,236,190,171,150,591,247,223,296,196,260,374,231,296,263,443,372,534,292,232,167,315,255,167,122,160,124,275,244,173,310,462,303,257,215,345,699,370,192,286,444,529,79,210,234,272,208,247,160,215,300,96,264,187,356,524,213,124,216,178,167,193,354,218,102,130,225,160,149,345,165,336,166,175,273,372,149,361,237,344,234,174,175,248,301,325,136,175,175,656,278,131,222,262,129,165,130,243,196,95,310,157,135,132,184,218,342,246,140,224,149,291,159,252,222,225,185,160,258,421,134,94,162,140,198,509,306,226,198,131,186,193,140,246,242,139,146,139,789,183,130,152,224,283,562,299,225,226,422,214,195,278,276,224,381,314,197,552,105,142,167,146,631,248,201,306,99,318,252,718,177,150,123,439,339,170,398,407,375,121,173,197,173,219,127,103,188,102,99,134,395,250,127,294,220,171,149,103,239,217,195,196,276,193,114,131,104,443,246,106,252,247,153,365,93,117,142,197,85,177,61,198,173,309,137,125,241,188,189,242,108,306,116,77,207,156,193,147,304,181,286,76,89,196,53,160,141,185,91,57,116,256,107,113,150,138,118,188,116,89,68,110,99
918,558,519,529,357,542,152,769,702,98,129,139,539,26,482,88,453,239,102,181,428,21,295,593,890,473,515,51,180,134,575,416,336,97,115,222,124,870,115,66,19,40,79,176,63,288,157,58,65,60,666,137,92,272,353,171,1155,128,191,96,215,289,606,159,1383,350,971,421,510,915,13,158,988,458,132,125,221,339,77,26,83,941,412,152,265,49,176,317,288,794,106,159,193,98,202,585,200,169,808,124,116,502,322,115,17,173,88,440,611,348,184,691,371,171,609,107,95,139,289,434,173,490,433,11,922,252,1000,548,133,15,428,918,733,1068,15,67,41,906,219,251,119,1067,155,996,62,70,1123,659,194,250,1435,596,258,1028,713,463,259,129,81,146,455,993,1205,229,89,156,48,595,79,109,156,535,28,74,504,817,377,620,18,342,923,279,1311,229,184,103,461,109,1290,246,125,241,14,499,239,956,401,298,186,72,250,189,794,182,202,114,74,953,127,106,160,57,76,59,235,331,403,111,17,217,644,932,1188,932,1367,1202,1120,428,1139,267,954,116,398,161,83,207,277,113,210,95,224,793,379,180,74,13,50,150,111,95,405,101,230,33,134,644,904,69,143,41,110,71,110,234,160,45,951,278,200,91,462,400,409,321,51,81,187,303,117,128,67,28,96,271,325,86,97,88,75,108,96,67,183,73,110,212,195,82,108,136,120,20,82,87,115,95,196,114,220,258,135,139,83,25,111,495,130,62,111,141,39,58,81,30,72,334,217,38,39,121,138,56,174,52,213,360,290,364,137,65,101,42,116,69,565,98,153,22,111,94,121,48,28,153,83,68,74,144,27,210,84,145,121,25,97,52,27,21,69,155,8,67,45,269,33,337,111,55,86,31,84,82,50,87,33,222,124,153,236,50,66,24,55,358,87,204,117,53,89,121,81,106,144,134,90,311,67,86,60,116,136,129,72,33,28,163,64,65,96,128,113,95,132,124,253,149,110,146,188,128,37,75,45,95,47,54,35,89,52,51,85,39,179,331,92,13,24,52,10,90,190,83,22,54,54,66,41,114,68,126,72,38,84,172,72,125,38,119,89,52,53,135,80,117,55,59,46,285,95,18,72,126,39,41,36,97,34,23,86,18,41,55,37,37,77,53,39,121,36,85,45,100,74,95,22,44,93,154,32,33,46,60,26,248,111,63,135,25,65,47,69,60,56,31,45,14,236,72,12,75,54,85,171,76,43,126,137,30,82,74,57,61,119,83,64,147,27,25,125,25,215,88,53,76,25,115,77,223,78,32,16,121,117,41,64,94,65,45,21,35,64,64,46,53,98,23,27,47,170,108,30,63,79,73,37,27,110,73,44,44,51,24,56,27,30,125,86,17,73,89,51,75,43,20,19,61,51,53,24,66,32,80,9,39,66,36,42,36,45,84,14,21,63,31,37,34,87,67,96,20,37,37,15,26,26,53,18,6,29,76,22,25,57,45,12,55,17,26,13,33,8
536,298,261,293,289,293,45,527,419,35,129,131,514,28,263,35,421,123,36,54,355,18,159,522,613,397,344,65,88,89,492,207,420,130,165,81,55,531,42,25,5,24,33,76,35,166,47,32,18,44,401,85,36,140,228,76,748,183,131,43,104,149,479,71,1040,287,745,203,289,687,16,81,729,227,28,71,150,188,16,9,44,615,223,88,157,26,107,134,128,570,29,105,147,95,183,436,80,146,517,55,199,336,172,148,34,56,92,235,540,175,83,336,311,252,416,26,192,125,121,239,90,356,407,22,645,163,844,550,65,41,214,699,430,846,31,33,19,727,89,271,45,716,149,701,111,146,822,435,131,120,962,522,148,736,505,246,140,93,64,47,258,638,893,131,55,57,15,441,32,43,56,336,18,64,293,591,231,433,6,191,729,97,991,101,175,78,321,124,895,113,32,105,11,245,238,680,366,378,257,25,130,77,637,149,134,58,45,613,70,51,74,22,21,38,212,164,268,103,23,99,445,606,857,631,1052,964,875,244,840,146,613,19,348,47,66,121,150,25,90,67,97,468,161,125,25,16,26,53,26,67,268,31,108,31,66,338,528,39,70,44,38,25,54,129,46,74,563,147,123,43,227,182,214,197,22,28,88,139,41,58,34,10,31,128,170,42,17,14,22,30,32,14,48,20,20,34,29,20,31,27,20,30,18,16,31,25,50,29,64,71,50,53,56,7,71,282,41,33,53,15,17,8,18,8,30,88,37,18,26,16,37,37,110,17,77,82,49,95,24,15,29,24,35,26,225,36,29,9,24,20,40,10,13,38,32,11,50,25,11,33,13,32,28,14,32,23,5,9,18,31,8,18,10,38,14,66,17,5,12,9,10,16,6,9,10,34,15,33,46,15,16,11,9,159,39,80,16,8,11,14,8,21,27,22,45,130,16,17,22,25,23,38,41,14,20,40,16,8,30,18,23,11,6,16,29,34,17,23,26,63,11,25,24,34,11,16,20,13,7,6,19,11,52,67,12,9,14,16,9,16,31,11,5,6,13,6,9,19,9,36,11,12,12,49,13,25,14,7,13,9,9,17,17,27,8,14,11,75,10,6,10,16,7,11,9,15,8,5,8,6,8,5,14,5,14,17,9,18,6,26,7,19,26,48,24,26,14,30,7,6,7,11,14,74,10,10,7,7,9,5,12,20,14,9,6,10,68,7,10,9,20,12,45,11,15,18,30,26,11,18,23,12,25,27,23,28,5,8,13,7,57,14,22,25,5,13,24,102,12,13,12,10,19,8,36,21,45,12,8,22,25,17,10,14,20,7,6,8,47,18,13,11,30,7,10,7,26,17,12,5,10,19,16,6,13,32,25,5,22,19,21,25,5,5,7,28,5,13,7,16,7,31,10,11,24,21,34,25,14,46,7,6,21,10,8,26,47,25,28,10,7,8,12,9,10,21,6,6,5,44,9,6,22,13,10,36,14,5,5,8,8
267,109,94,107,143,126,18,252,192,13,59,114,290,13,177,8,229,80,8,20,205,17,79,278,317,242,211,40,42,55,285,89,306,92,161,24,15,220,9,8,6,21,24,24,10,56,26,14,6,19,142,41,7,77,132,18,433,158,53,10,34,45,221,46,541,147,328,91,142,325,33,57,355,91,16,19,57,80,6,8,15,301,140,51,76,22,40,51,39,277,18,43,59,64,86,220,26,66,288,20,128,169,73,82,36,20,33,117,281,58,24,237,122,165,211,8,105,47,42,88,37,194,236,27,338,103,614,320,24,55,109,294,149,553,32,15,7,308,44,159,11,335,95,364,76,74,387,200,46,53,553,274,39,305,212,98,94,33,26,8,121,303,409,51,13,27,7,193,15,8,10,165,13,45,146,283,113,186,17,83,348,27,520,59,63,52,150,85,504,44,10,34,6,81,147,293,180,265,156,8,67,19,407,56,54,23,5,289,26,66,40,8,5,7,83,50,111,57,23,44,182,263,401,323,577,484,562,90,370,60,297,5,267,15,19,35,60,9,28,35,29,190,66,40,15,8,12,16,6,28,121,10,34,31,21,127,205,10,30,40,9,83,10,48,17,81,236,42,69,27,76,82,61,68,6,5,35,57,16,41,17,5,10,51,151,11,27,25,53,56,64,35,92,34,15,45,41,76,62,36,23,20,6,6,7,6,11,9,19,35,23,12,17,16,17,122,43,73,54,18,60,36,16,18,37,58,39,25,25,8,85,50,76,17,100,85,48,86,28,25,40,62,50,60,126,71,52,18,61,43,87,24,14,60,74,7,45,32,18,38,20,44,43,24,45,71,5,19,44,30,10,14,17,49,32,66,21,12,36,7,40,20,14,10,50,28,14,54,58,33,25,6,13,56,40,26,15,5,14,23,10,8,52,24,22,65,25,24,13,34,24,11,13,9,7,46,36,11,72,39,12,14,8,18,53,29,14,14,33,81,7,32,36,37,7,35,41,26,17,10,37,12,51,79,25,20,43,22,12,23,50,19,6,9,12,9,7,60,5,70,14,21,17,68,12,45,27,26,28,12,7,26,31,47,5,28,21,104,35,9,11,16,5,5,5,31,7,11,23,9,6,9,9,10,40,28,14,22,7,45,17,32,47,49,62,20,35,39,9,6,6,5,27,70,32,18,10,13,13,9,11,35,28,12,6,27,112,19,13,7,46,17,55,36,39,17,70,51,10,37,37,9,51,53,46,47,6,11,12,16,100,22,32,42,6,33,14,166,11,15,16,19,29,12,102,43,82,8,9,35,19,16,5,8,40,7,8,8,57,34,32,10,37,6,10,14,28,29,24,17,24,33,5,5,6,45,32,5,43,18,6,57,11,6,5,66,5,25,6,34,13,70,25,19,30,33,61,64,19,72,5,9,57,14,25,80,87,45,40,8,19,30,11,19,20,60,8,27,16,96,22,26,39,42,41,72,49,20,9,26,14
529,286,286,311,188,204,115,373,249,77,76,66,225,30,314,67,195,85,60,78,185,18,142,354,424,197,297,32,144,36,297,213,156,58,63,116,72,351,111,71,15,19,21,100,80,153,68,97,25,39,367,45,57,238,116,126,506,55,184,53,157,127,323,105,668,120,590,271,302,409,5,86,576,211,96,66,120,214,56,17,53,512,217,76,156,28,84,201,103,445,104,67,58,38,83,286,109,64,514,54,48,200,98,52,11,103,29,177,361,179,63,373,156,61,263,89,38,77,156,199,55,201,248,9,443,135,494,208,61,14,232,513,429,391,13,34,42,481,166,114,72,450,44,604,24,16,532,276,100,160,662,232,130,506,430,188,145,32,25,88,201,489,644,88,37,55,43,381,63,46,86,335,5,31,273,486,252,224,6,194,416,101,603,124,59,37,182,27,672,127,43,82,8,258,68,466,132,101,44,49,150,57,313,44,80,48,49,373,46,48,81,48,50,16,140,147,205,48,17,120,305,405,659,501,656,674,501,179,606,118,410,37,174,112,34,108,142,96,160,50,61,440,245,132,41,37,38,117,57,42,186,94,130,21,94,319,509,71,118,29,62,16,77,145,100,43,532,175,196,78,279,278,200,147,39,54,62,132,89,52,75,41,67,100,124,55,36,28,12,20,28,17,57,17,37,78,78,19,41,29,39,9,29,27,44,31,66,40,75,118,55,63,52,18,56,314,35,19,25,52,17,26,19,17,31,130,86,10,27,49,58,30,53,17,76,156,126,154,56,18,25,20,35,21,301,41,64,18,20,44,49,24,11,38,34,15,28,30,9,89,37,39,35,9,29,17,9,5,32,48,5,25,6,106,16,161,21,24,15,14,32,35,14,20,10,94,28,36,79,18,17,7,12,174,37,117,60,34,42,68,48,55,59,54,63,136,24,27,67,59,47,45,22,12,13,60,24,24,46,55,65,47,46,54,124,47,30,59,75,75,5,26,30,32,18,20,12,32,25,20,33,16,57,126,43,6,7,12,7,34,64,27,5,29,22,34,14,53,25,42,31,10,30,59,16,57,28,59,34,18,21,53,37,42,28,15,21,117,47,10,44,73,23,32,19,31,11,11,54,15,19,18,20,21,33,32,7,42,10,33,24,39,36,38,17,21,31,83,15,16,30,30,19,113,55,23,50,9,28,31,23,30,27,21,20,8,116,33,12,32,25,45,103,50,18,55,69,9,30,39,34,34,57,42,38,91,15,18,51,16,101,44,26,38,16,48,35,99,28,7,9,56,43,11,36,52,29,25,13,11,15,25,19,7,48,9,10,21,79,45,16,33,25,22,10,15,58,22,19,19,24,10,26,12,23,65,44,11,39,44,15,42,15,15,11,21,20,35,14,37,13,37,5,20,39,19,16,19,21,56,10,18,39,34,16,13,49,29,36,11,22,26,9,18,18,21,11,5,21,37,10,6,30,29,10,31,5,17,6,11,11
178,79,85,77,99,68,35,213,68,23,30,46,54,6,173,14,103,26,16,16,69,5,37,173,157,75,123,6,52,21,155,57,117,24,31,9,12,94,22,12,10,20,9,12,11,49,8,19,7,5,157,16,9,102,28,24,236,32,80,13,48,24,96,60,295,50,252,69,113,184,7,59,260,57,7,20,55,100,6,16,12,196,71,25,57,14,10,65,7,199,32,10,10,43,17,114,33,10,254,15,30,59,20,23,8,8,5,54,165,46,7,124,27,15,70,12,15,13,23,30,18,63,139,9,224,53,293,85,18,5,114,225,115,238,5,16,8,201,58,53,14,163,28,288,21,5,233,84,50,41,296,84,19,166,184,59,89,12,8,7,72,224,307,11,7,10,5,145,25,7,8,137,7,16,97,230,99,74,11,97,150,10,273,75,8,15,77,8,296,55,5,10,8,102,30,164,54,45,14,8,56,11,131,14,8,12,5,102,11,23,28,7,8,7,40,48,73,34,6,39,102,136,256,250,274,299,250,47,199,34,141,7,75,14,8,10,54,16,46,12,18,152,74,32,5,5,20,32,12,10,48,15,43,10,26,141,172,15,49,18,14,15,16,52,21,28,218,39,83,28,96,82,53,52,6,6,11,62,9,6,14,8,18,34,56,11,7,6,15,14,11,16,21,13,17,23,31,12,5,10,10,6,11,12,10,8,14,7,18,31,17,25,9,13,15,95,12,25,14,10,17,14,8,9,12,30,31,8,14,14,24,24,17,8,23,53,34,56,17,11,16,6,21,21,101,28,19,18,7,20,23,11,5,19,12,6,24,15,7,34,10,12,9,11,22,9,5,5,21,9,7,5,6,37,14,54,5,10,13,7,9,17,6,8,19,28,11,21,15,19,6,6,5,60,15,28,27,14,29,20,13,20,31,11,28,35,10,22,13,36,17,13,8,10,12,45,20,10,58,41,19,29,10,21,53,28,14,26,46,16,5,21,20,12,6,29,27,16,19,5,24,19,30,66,23,12,12,11,7,29,40,17,7,5,19,8,8,57,18,52,5,5,14,30,5,18,16,20,31,7,9,27,40,43,6,7,13,54,34,6,8,26,6,7,10,18,7,5,29,5,5,11,12,15,35,10,5,26,9,19,14,35,28,19,26,9,34,38,7,9,10,8,20,27,18,12,14,6,18,10,7,28,13,7,12,14,78,24,7,7,22,24,36,34,20,13,54,17,19,32,32,12,52,25,32,35,5,8,10,7,64,16,18,22,6,30,20,60,7,6,5,17,20,12,50,19,13,6,8,26,9,8,7,5,29,6,6,14,30,18,5,11,14,9,5,6,18,20,13,11,7,20,9,10,7,46,37,11,22,22,12,35,9,6,8,23,9,22,5,31,10,36,16,5,26,18,20,21,15,52,5,7,27,16,24,21,51,25,13,5,14,31,7,20,21,34,7,6,24,53,11,22,27,27,18,50,19,17,13,25,16
