-0.237359300255775,-0.199105709791183,0.0933911055326462,-0.0852636098861694,-0.310057461261749,-0.193871706724167,-0.0738738626241684,-0.0671986490488052,0.0186538901180029,-0.0480540804564953,-0.247861087322235,-0.0700465738773346,-0.203514695167542,-0.109854765236378,-0.202095821499825,-0.259487569332123,-0.153056874871254,-0.267235726118088,0.0604850202798843,-0.266140311956406,-0.221966803073883,-0.258133053779602,-0.25191929936409,-0.274531632661819,-0.236602291464806,-0.175519734621048,-0.0477042272686958,-0.104994282126427,-0.17807500064373,-0.0516130290925503,0.201812997460365,-0.119150325655937,-0.284600675106049,-0.243566766381264,-0.244427755475044,0.0796974077820778,0.087840661406517,0.0150348749011755,-0.323429763317108,-0.243012458086014,-0.185657411813736,-0.0161418542265892,-0.0904477536678314,-0.459554880857468,-0.220487251877785,-0.196214288473129,-0.254778683185577,-0.128136411309242,0.136366978287697,0.132009938359261,0.156128853559494,-0.0475468076765537,-0.218053340911865,0.0316985696554184,-0.371210038661957,-0.159138545393944,-0.382666200399399,-0.237683460116386,0.198782861232758,-0.253945976495743,-0.0391286090016365,0.0385424047708511,0.116120509803295,0.161243587732315,-0.356089115142822,-0.371518522500992,-0.0769672766327858,-0.286974877119064,-0.0812899991869926,-0.133254081010818,-0.37029242515564,-0.248671531677246,0.0216360297054052,-0.187875643372536,-0.191616907715797,-0.044212244451046,-0.172517150640488,-0.228113263845444,0.199843555688858,0.425764471292496,-0.17444235086441,-0.138494938611984,0.00105290173087269,-0.0450298562645912,-0.417471200227737,-0.421959221363068,0.0840449780225754,0.14224274456501,-0.263788759708405,-0.102901421487331,-0.0390652790665627,-0.280633598566055,-0.0856533944606781,-0.257379978895187,-0.00927554722875357,-0.132917985320091,-0.193173006176949,-0.148425653576851,-0.0111736468970776,-0.280726224184036,-0.283858299255371,-0.0423395782709122,-0.137411400675774,-0.0104652540758252,-0.151110053062439,0.0710930451750755,-0.248234957456589,-0.259353935718536,-0.306680113077164,-0.0623974204063416,-0.372146248817444,-0.142309784889221,-0.336785793304443,0.0429596267640591,-0.0516744814813137,-0.118648514151573,-0.038680125027895,0.0999877005815506,-0.0167867206037045,-0.280209332704544,-0.34966704249382,-0.166478037834167,-0.0536414608359337,-0.278047502040863,-0.287795871496201,-0.0743043124675751,0.201796442270279,-0.252202153205872,-0.190157830715179,-0.0609213411808014,-0.132652387022972,0.355789482593536,-0.212901219725609,-0.2285276055336,-0.0103473160415888,-0.274295210838318,-0.055982630699873,0.0559434667229652,-0.230615064501762,0.0620931349694729,-0.169469907879829,-0.192577555775642,-0.107674159109592,-0.177961319684982,-0.178690031170845,-0.247359335422516,-0.262012600898743,0.102542527019978,-0.371475368738174,-0.463126868009567,-0.373222500085831,-0.436442732810974,-0.33288249373436,-0.273923337459564,-0.245596542954445,0.144623816013336,0.0373197942972183,-0.498134821653366,-0.0110931675881147,-0.0851091891527176,-0.134844571352005,-0.130332142114639,-0.212550833821297,-0.00436332961544394,-0.513148844242096,0.0623443983495235,-0.24118672311306,-0.0382268279790878
0.0548094809055328,0.0353004187345505,0.251927644014359,0.0441301427781582,0.149861052632332,-0.0173037219792604,0.0667429938912392,0.232399493455887,0.0722264647483826,0.0491818971931934,0.0481135733425617,0.0793617218732834,0.0206281170248985,0.101353541016579,0.0565920136868954,0.111022092401981,0.0548515878617764,0.109748177230358,0.0241176281124353,0.102212436497211,0.131640940904617,0.0964242368936539,0.0957788527011871,0.0650870054960251,0.106586948037148,0.0809407606720924,0.133219972252846,0.150246351957321,0.0776379927992821,0.088141106069088,0.0342895947396755,0.0446854829788208,0.356769204139709,-0.0600045509636402,0.121850378811359,0.154248639941216,0.00977985467761755,0.0118079204112291,0.136717766523361,0.0017659462755546,0.0500974059104919,-0.0123998811468482,0.0672945827245712,0.0104063348844647,0.066564604640007,-0.00731212738901377,0.0218993294984102,0.184133112430573,0.0376630164682865,0.0780747532844543,-0.0151874246075749,-0.0214637126773596,0.229527354240417,0.0979754999279976,-0.0440482050180435,0.0307381823658943,0.0884446203708649,0.0506521053612232,0.0969710797071457,-0.0507133454084396,0.0240552425384521,0.0501795671880245,-0.0315007828176022,0.150557026267052,-0.0315813943743706,0.107166439294815,-0.000186239849426784,0.0204437281936407,-0.0806662365794182,0.103322185575962,0.0415698774158955,0.104043856263161,0.0212715063244104,-0.0168415289372206,0.256754249334335,0.0663008764386177,0.143652081489563,0.0232301261276007,0.0167490914463997,-0.141057968139648,0.0799553468823433,0.101281329989433,0.332570105791092,0.120047718286514,-0.0639288872480392,0.000790623482316732,-0.0631965920329094,0.15302574634552,0.0687021911144257,0.107764482498169,0.146992355585098,0.172280237078667,-0.013005550019443,0.167801693081856,0.0732124522328377,-0.0391887463629246,-0.100687116384506,0.0741264149546623,0.267917364835739,0.142622828483582,0.177590444684029,0.0833311378955841,0.00733898021280766,-0.0997820720076561,-0.182686895132065,0.00874219741672277,0.195666581392288,-0.00159106345381588,0.213999435305595,-0.0947330519556999,-0.197241216897964,0.23878301680088,0.0325875505805016,-0.0585789456963539,0.147935077548027,0.103586815297604,-0.0560646839439869,-0.00832584034651518,0.168082028627396,0.0101409507915378,0.148989751935005,0.342415004968643,0.0891068801283836,0.0340842641890049,0.133462965488434,0.168083697557449,-0.126498624682426,0.100828059017658,-0.0119119007140398,0.0328378826379776,0.10947347432375,0.0751568675041199,0.124000422656536,0.176121473312378,0.217338129878044,0.203895822167397,-0.00614642165601254,0.27457994222641,-0.0997633263468742,0.111901380121708,0.0979874208569527,0.254298776388168,-0.116234116256237,0.0142637081444263,0.0978822186589241,-0.0570148527622223,0.192449972033501,-0.117802076041698,0.235610038042068,0.152235835790634,0.0430769883096218,-0.0805851444602013,0.179674178361893,0.287252247333527,0.228591114282608,0.127197533845901,0.0954946950078011,-0.10550881177187,0.0739958956837654,-0.0755003318190575,-0.0779529064893723,0.13591593503952,0.0266587529331446,0.1229477673769,0.0670715123414993,0.118120595812798,0.0710079967975616,0.14846271276474
0.274002104997635,0.231231912970543,0.288228064775467,0.176417246460915,0.177562534809113,0.347001850605011,0.195973813533783,0.17907640337944,0.0093944389373064,0.333183258771896,0.229787304997444,0.231069102883339,0.275111734867096,0.287960946559906,0.347369819879532,0.211881145834923,0.237581819295883,0.272369593381882,0.179661348462105,0.260501831769943,0.288917750120163,0.316465795040131,0.266834944486618,0.286569952964783,0.170957863330841,0.206037759780884,0.0935388430953026,0.399196296930313,0.041383408010006,0.318126291036606,0.430596172809601,0.161927804350853,0.356319278478622,0.187251448631287,0.0267691724002361,0.263520509004593,0.0862023159861565,0.25155034661293,0.145162463188171,0.211923435330391,0.253534823656082,0.123556353151798,0.293301999568939,0.365057051181793,0.0486925952136517,0.180004104971886,0.255521655082703,0.258309572935104,0.208065122365952,0.212639674544334,0.162107214331627,0.191095367074013,0.209071472287178,0.338597387075424,0.0247493609786034,0.216860085725784,0.310991555452347,0.20735290646553,0.297201454639435,0.226817086338997,0.377913117408752,0.170983955264091,0.160289630293846,0.51296204328537,0.264229744672775,0.287572026252747,0.127861708402634,0.150272384285927,0.298531532287598,-0.0864507779479027,0.240756496787071,0.315580457448959,0.270702958106995,0.109175585210323,0.0107368975877762,0.176528617739677,0.168328329920769,0.0181190893054008,0.213987872004509,0.00323614338412881,0.344022393226624,0.389980792999268,-0.0708474889397621,0.0236931499093771,-0.121523402631283,0.412781596183777,0.390738427639008,0.268029898405075,0.221083775162697,0.25682544708252,-0.114027619361877,0.0575987324118614,0.251470267772675,0.182108074426651,0.304145455360413,0.112243980169296,0.308375865221024,0.163309156894684,0.17557193338871,0.289941012859344,0.214323848485947,0.138788178563118,0.228234857320786,0.392549157142639,0.284002184867859,0.581977546215057,0.11953829228878,0.226770266890526,0.0807547047734261,-0.0800627768039703,0.206304952502251,-0.0161906573921442,0.163208723068237,0.0450432002544403,0.182842791080475,0.116762392222881,0.199820280075073,0.242164865136147,0.186170101165771,0.236451148986816,0.199270039796829,0.17622347176075,0.284641802310944,-0.14831380546093,0.24769988656044,0.205744057893753,-0.0282691270112991,0.322451651096344,0.140595346689224,0.23819063603878,0.284006118774414,0.53710275888443,-0.0454129427671432,0.327472478151321,0.26970162987709,0.306771457195282,0.336887061595917,0.183826208114624,0.0923037901520729,0.175903290510178,0.14148922264576,0.0861718133091927,0.0310165844857693,0.268714070320129,-0.0559045486152172,0.159315153956413,0.12731371819973,0.329753905534744,-0.0574423186480999,0.116638861596584,0.195619478821754,0.245927289128304,0.186822637915611,-0.0521554686129093,0.313009053468704,0.486200779676437,0.276893705129623,-0.0485330708324909,0.182650163769722,-0.0412557981908321,0.279366552829742,0.369744688272476,0.247264876961708,0.174889340996742,0.161220878362656,0.140828430652618,0.312473297119141,0.0746674612164497
-0.303228497505188,-0.295496255159378,-0.191562175750732,-0.225161790847778,-0.210925593972206,-0.288593471050262,-0.258845120668411,-0.229003250598907,-0.198928147554398,-0.26806116104126,-0.300116032361984,-0.261237412691116,-0.31562876701355,-0.23479737341404,-0.259596109390259,-0.298154175281525,-0.257264614105225,-0.35751885175705,-0.267855197191238,-0.320944666862488,-0.249960899353027,-0.346695125102997,-0.360523968935013,-0.353730320930481,-0.230459079146385,-0.266081303358078,-0.163645714521408,-0.173581942915916,-0.21891525387764,-0.309092134237289,-0.199546560645103,-0.230487436056137,-0.104889027774334,-0.211686864495277,-0.277251362800598,-0.267417252063751,-0.177100658416748,-0.259952276945114,-0.313195943832397,-0.157501935958862,-0.281551867723465,-0.206326052546501,-0.28791144490242,-0.353327482938766,-0.309262156486511,-0.346376538276672,-0.336172819137573,-0.304961919784546,-0.206655398011208,-0.210523650050163,-0.277772128582001,-0.2477036267519,-0.268324583768845,-0.299468606710434,-0.206314831972122,-0.321439862251282,-0.21811006963253,-0.288259863853455,-0.216398760676384,-0.290012925863266,-0.31778472661972,-0.30894672870636,-0.240465521812439,-0.185181736946106,-0.339011639356613,-0.393509805202484,-0.21923416852951,-0.261161059141159,-0.30138036608696,-0.229410946369171,-0.264090716838837,-0.216279342770576,-0.352794796228409,-0.233907997608185,-0.00535272108390927,-0.247326269745827,-0.234209254384041,-0.286511123180389,-0.176813438534737,-0.159611493349075,-0.314935505390167,-0.294257879257202,-0.157853946089745,-0.179221346974373,-0.133391454815865,-0.349433332681656,-0.311936765909195,-0.214196875691414,-0.268868297338486,-0.241888999938965,-0.117777362465858,-0.313700437545776,-0.293000131845474,-0.218125641345978,-0.281167507171631,-0.28675377368927,-0.250171035528183,-0.290728002786636,-0.1924057751894,-0.250682383775711,-0.307111859321594,-0.23359426856041,-0.235658764839172,-0.269393533468246,-0.309446305036545,-0.363439559936523,-0.24674916267395,-0.301448822021484,-0.281651020050049,-0.220960333943367,-0.464881777763367,-0.118500053882599,-0.293636649847031,-0.335282683372498,-0.27138215303421,-0.200731366872787,-0.299777328968048,-0.27312496304512,-0.201817199587822,-0.302395164966583,-0.28354075551033,-0.225532993674278,-0.38269054889679,-0.149184599518776,-0.471773028373718,-0.238889575004578,-0.248831510543823,-0.337123215198517,-0.236263319849968,-0.364146322011948,-0.321713477373123,-0.333488970994949,-0.233586832880974,-0.226728722453117,-0.204652577638626,-0.356213748455048,-0.315890580415726,-0.309001594781876,-0.223731771111488,-0.124234646558762,-0.295988172292709,-0.212526604533195,-0.124488070607185,-0.282341182231903,-0.0760860368609428,-0.26137101650238,-0.0766983032226562,-0.303650707006454,-0.301414012908936,-0.33293753862381,-0.309233784675598,-0.344926714897156,-0.283731132745743,-0.275136291980743,-0.376645147800446,-0.250979393720627,-0.261969268321991,-0.341821044683456,-0.206423923373222,-0.261821240186691,-0.246228113770485,-0.260893553495407,-0.498656392097473,-0.2026407122612,-0.37723109126091,-0.175381749868393,-0.162297591567039,-0.0227142069488764
0.0152866467833519,-0.137590184807777,-0.127741619944572,-0.0130891697481275,-0.0617428608238697,0.131402283906937,-0.120935343205929,-0.172976598143578,-0.0955724194645882,0.054766584187746,-0.0720205307006836,0.0251421015709639,-0.038353580981493,-0.11205793172121,0.0370902717113495,-0.0702433064579964,0.0280925314873457,-0.220666840672493,0.00151683588046581,-0.240544870495796,-0.0096101937815547,-0.129963889718056,-0.209708049893379,-0.217488184571266,-0.121354483067989,-0.322939187288284,-0.162439435720444,0.0475304238498211,-0.145356401801109,0.140174359083176,0.0701009705662727,-0.0354418307542801,0.162413448095322,-0.108613766729832,-0.131742745637894,-0.0262386426329613,-0.0643815249204636,-0.01948625408113,-0.192088395357132,-0.281036972999573,-0.0384199991822243,-0.0982109978795052,0.109525583684444,-0.0977319180965424,-0.114536926150322,-0.0686185583472252,-0.0329459197819233,0.0028515609446913,-0.229938954114914,-0.0340681560337543,-0.0306184999644756,-0.0404490306973457,-0.0576340518891811,-0.06052490696311,-0.248418420553207,-0.167838677763939,-0.00231931870803237,-0.0980065986514091,-0.0850509852170944,0.0435618981719017,0.135239630937576,-0.133531391620636,0.0203343220055103,-0.085984580218792,-0.0968062281608582,-0.0529048219323158,-0.00016598189540673,-0.0551276318728924,0.0429733246564865,-0.358282864093781,-0.0329773537814617,-0.126706853508949,-0.00970841478556395,-0.129575952887535,-0.315509587526321,-0.0159803442656994,0.0133492574095726,-0.129538014531136,-0.105580814182758,-0.10942430794239,0.012662791647017,-0.0524218529462814,-0.293419867753983,-0.166467875242233,-0.265503168106079,0.145742848515511,0.0182036720216274,-0.184386491775513,-0.0928647369146347,-0.010376213118434,-0.348723262548447,-0.118971988558769,-0.0877129882574081,-0.121424227952957,0.055817861109972,-0.0815568268299103,0.00971966981887817,-0.13995423913002,-0.162670284509659,-0.175744816660881,0.0401728712022305,-0.072676420211792,-0.0401860252022743,0.0624206364154816,0.021998967975378,0.133380025625229,-0.225099831819534,-0.0210327468812466,-0.453649938106537,-0.213273450732231,0.0491089895367622,-0.301544636487961,-0.0118457339704037,-0.0826942846179008,0.0020207054913044,0.171079158782959,0.0281905978918076,0.00864080805331469,-0.0852403789758682,-0.125829815864563,-0.125684261322021,-0.162826687097549,-0.160769134759903,-0.237447753548622,0.0741686075925827,-0.264155596494675,-0.12444581836462,-0.247191742062569,-0.0809826105833054,0.105428531765938,-0.0537059903144836,0.351433545351028,-0.279686003923416,0.386396169662476,-0.0155046116560698,0.118393175303936,0.0184198841452599,-0.189869374036789,-0.0379832535982132,-0.288353711366653,-0.21186400949955,-0.121575117111206,-0.141413569450378,0.170602589845657,-0.422721087932587,-0.0659157633781433,-0.106999300420284,0.0327891930937767,-0.0156512837857008,-0.114629544317722,-0.197694644331932,-0.0367636755108833,-0.0354839116334915,-0.188279166817665,0.110791251063347,-0.0742099806666374,-0.0643023699522018,-0.175369217991829,0.0176555048674345,-0.095023438334465,-0.138525560498238,0.00400843378156424,0.274190813302994,-0.123013690114021,-0.081784650683403,-0.111909762024879,-0.111113995313644,-0.303567796945572
0.290320605039597,0.314014077186584,0.369910895824432,0.113836273550987,0.202103689312935,0.241459429264069,0.186596944928169,0.251241087913513,0.288311451673508,0.201440945267677,0.214404329657555,0.336133867502213,0.233320787549019,0.180420264601707,0.313656777143478,0.29058364033699,0.288860321044922,0.367374837398529,0.155467495322227,0.379805237054825,0.322742640972137,0.386175364255905,0.367111653089523,0.345642983913422,0.324565678834915,0.331158131361008,0.131862059235573,0.213222220540047,0.217382192611694,0.22353807091713,0.188885569572449,0.25387716293335,0.333635002374649,0.209073111414909,0.297649264335632,0.269614726305008,0.19294910132885,0.190806344151497,0.440482050180435,0.285930424928665,0.316374182701111,0.154936194419861,0.404218882322311,0.267492979764938,0.198971226811409,0.247842788696289,0.32801166176796,0.443648159503937,0.35725125670433,0.180737227201462,0.167048111557961,0.289093732833862,0.165172576904297,0.345745533704758,0.199445754289627,0.359042584896088,0.300440818071365,0.386254966259003,0.147162795066833,0.248977974057198,0.280859887599945,0.306451171636581,0.185253068804741,0.21565380692482,0.356256157159805,0.410489559173584,0.28321361541748,0.327965706586838,0.177241191267967,0.273973643779755,0.338017523288727,0.172497510910034,0.266258090734482,0.256040453910828,0.0185226891189814,0.228845000267029,0.254180908203125,0.293909758329391,0.11626297980547,0.149695739150047,0.337261885404587,0.252960115671158,0.180719971656799,0.085570402443409,0.128287613391876,0.139041140675545,0.297042638063431,0.403741866350174,0.356022268533707,0.12770189344883,0.315654516220093,0.428972095251083,0.102560244500637,0.227944180369377,0.219975963234901,0.278950929641724,0.226649597287178,0.351293295621872,0.195994392037392,0.339357942342758,0.356452435255051,0.238145247101784,0.145948499441147,0.278497129678726,0.319946527481079,0.20486281812191,0.412717700004578,0.261398762464523,0.437149435281754,0.310838401317596,0.410307168960571,0.168543502688408,0.299830377101898,0.330198585987091,0.389686673879623,0.306456476449966,0.374605059623718,0.362390995025635,0.348869353532791,0.275736749172211,0.289841622114182,0.0824563354253769,0.27066969871521,0.134794563055038,0.434712022542953,0.307746142148972,0.139793708920479,0.49667888879776,0.281862676143646,0.222954034805298,0.457694590091705,0.350493341684341,0.287461906671524,0.412621527910233,0.215255245566368,0.386619299650192,0.476640492677689,0.314917802810669,0.189111888408661,0.375399351119995,0.316100150346756,0.129596814513206,0.0971938669681549,0.323815822601318,0.248238980770111,0.331105470657349,0.0830197110772133,0.3139788210392,0.374869495630264,0.299008697271347,0.35145577788353,0.321244388818741,0.360630124807358,0.340507030487061,0.398406594991684,0.280193388462067,0.291064202785492,0.443311631679535,0.243592575192451,0.0341667160391808,0.182149693369865,0.314582198858261,0.420501381158829,0.278984367847443,0.472050964832306,0.282897263765335,0.342228204011917,0.290587425231934
0.0640065670013428,0.18836772441864,-0.0644154846668243,-0.0943558141589165,-0.056779395788908,-0.000907327164895833,0.189950913190842,0.156703650951385,-0.0442474633455276,-0.0488360710442066,-0.0369139090180397,0.000182390343979932,0.0781787559390068,0.155772238969803,0.0803497657179832,0.0410410240292549,0.0529980733990669,0.239991545677185,0.0683938637375832,0.257387667894363,-0.041169561445713,0.295852303504944,0.252004027366638,0.284811228513718,0.0419451668858528,0.289160311222076,-0.0289957039058208,0.0293048862367868,0.069056324660778,0.00469023222103715,0.0764389336109161,0.00301154493354261,-0.296531140804291,0.0340764299035072,0.00361441727727652,0.132162153720856,-0.0409144088625908,0.0647824108600616,0.168259769678116,0.336765974760056,0.0333157666027546,-0.129791960120201,-0.0782876163721085,0.00260051828809083,-0.0253764390945435,0.163084492087364,0.0789907947182655,0.0678583607077599,0.209683015942574,0.0476882494986057,0.109981685876846,0.0466152243316174,-0.111743219196796,0.0692681446671486,-0.0514789670705795,0.123018130660057,-0.191216945648193,0.0252977851778269,0.127346768975258,-0.109047949314117,0.105478778481483,0.158034637570381,-0.0377080999314785,0.235302194952965,0.106207899749279,-0.00204002694226801,0.0246840361505747,-0.0163763370364904,-0.0697816759347916,0.0963072180747986,0.0284333657473326,0.116490595042706,0.111767552793026,-0.077570453286171,-0.22154912352562,-0.00445385556668043,-0.124414168298244,-0.0903889909386635,-0.0897171497344971,0.00140527437906712,0.0751494318246841,0.368979215621948,0.0318882167339325,-0.453598618507385,-0.301163643598557,-0.268530040979385,0.0756144002079964,-0.038873877376318,-0.0845489576458931,0.0137021960690618,0.0835119262337685,0.0266938153654337,-0.176365286111832,-0.0487803556025028,0.0881179720163345,-0.111178003251553,-0.0537718534469604,0.120871864259243,0.0671518594026566,0.181866779923439,0.125264719128609,0.0709889680147171,-0.0446970164775848,-0.0418144278228283,-0.0507899597287178,0.205491125583649,0.131354793906212,-0.0924921631813049,0.242861747741699,0.0220552831888199,-0.109378039836884,-0.193626210093498,0.0399032197892666,0.131060421466827,0.0565488114953041,-0.402977138757706,-0.0619186535477638,0.0915076732635498,0.025780251249671,-0.0302607771009207,-0.157781347632408,0.098296269774437,0.152249097824097,-0.301898807287216,0.118648141622543,0.131372943520546,-0.0138131091371179,0.378500431776047,0.0598444007337093,-0.126200988888741,0.0151256443932652,0.0808102861046791,0.146921053528786,-0.197780087590218,0.0641922205686569,-0.0996724888682365,0.116298779845238,0.0226654335856438,-0.0542270988225937,0.12025859951973,0.0760263875126839,-0.0401036329567432,-0.409972190856934,-0.286423444747925,0.149086177349091,0.0264624748378992,-0.0815297216176987,0.00176558457314968,-0.0820718258619308,-0.147531405091286,0.0311698820441961,-0.0738823786377907,-0.0657180398702621,0.0441254675388336,-0.0181677304208279,-0.00184680137317628,0.149125009775162,-0.0625977143645287,0.0572992488741875,-0.034621600061655,0.0963318273425102,0.0841443911194801,-0.141778126358986,-0.00947794131934643,0.0762130841612816,0.301084607839584,-0.0731345787644386,-0.0247828401625156
0.0701759681105614,0.0472105853259563,0.127187594771385,-0.217658936977386,-0.223210901021957,-0.0319438725709915,-0.145404115319252,-0.164538338780403,0.138055205345154,-0.205435305833817,0.0442009605467319,0.044499296694994,-0.153413355350494,-0.120969392359257,-0.161749988794327,0.0286299809813499,0.0143567025661469,0.0951853394508362,-0.27435627579689,0.102942429482937,-0.0404693745076656,0.112685009837151,0.114180415868759,0.145763099193573,0.241894885897636,0.110061295330524,-0.21127787232399,-0.307182133197784,0.0389376357197762,-0.00745787844061852,-0.335888624191284,-0.0311355534940958,-0.00940619129687548,0.0853183791041374,-0.0517283119261265,-0.152987271547318,-0.139131307601929,-0.134224697947502,0.0500157587230206,0.0265685971826315,-0.0989644452929497,-0.20574052631855,0.0776671022176743,-0.0198711864650249,-0.0126394964754581,-0.117488697171211,-0.169881775975227,0.0452303811907768,0.0919345617294312,-0.35185506939888,-0.281055986881256,-0.0227379240095615,-0.202697888016701,-0.213936522603035,-0.000946885906159878,-0.198820248246193,-0.178655177354813,0.151009395718575,-0.278422564268112,-0.0953389927744865,-0.0605142526328564,-0.0831882655620575,-0.201604038476944,-0.228057473897934,-0.0256702359765768,0.262507945299149,-0.117442809045315,-0.00344919017516077,-0.299558490514755,-0.00153203797526658,0.0569332502782345,-0.224988743662834,-0.0483724549412727,-0.168240323662758,-0.188100159168243,-0.0987447798252106,-0.057059857994318,-0.131936922669411,-0.320449024438858,-0.195791125297546,-0.146285161375999,-0.110207177698612,-0.100530467927456,-0.137863770127296,-0.184663504362106,-0.239811077713966,-0.184738352894783,0.0593062527477741,0.0659377723932266,-0.196810647845268,-0.0292108617722988,0.157843142747879,-0.224104225635529,-0.172138914465904,-0.296075135469437,-0.133662641048431,-0.221496492624283,0.0502571873366833,-0.218040093779564,-0.0444238074123859,0.0148173496127129,-0.0823673382401466,-0.30152240395546,-0.348581999540329,-0.198696494102478,-0.26612451672554,0.22455333173275,-0.114256307482719,0.293555796146393,0.0475051030516624,0.0553394183516502,-0.099417045712471,-0.0890904441475868,-0.0538217909634113,0.157404154539108,-0.0131600936874747,-0.049558162689209,0.00762623874470592,0.054158341139555,-0.127378359436989,-0.194002494215965,-0.14136067032814,-0.0207157116383314,-0.275904566049576,0.167331159114838,-0.140215873718262,-0.156860321760178,0.106362320482731,-0.184437170624733,-0.12123741209507,0.0761930719017982,-0.220268353819847,-0.0281915254890919,0.0258569940924644,-0.217150002717972,0.171648398041725,-0.117356315255165,-0.11937540769577,-0.0938055291771889,0.0637051165103912,-0.0948411449790001,-0.215576827526093,-0.204863458871841,-0.130607411265373,-0.103027395904064,-0.0972056016325951,-0.282118588685989,-0.300958693027496,-0.19498048722744,0.0978924334049225,0.0583161748945713,0.0452729165554047,0.110113129019737,-0.120458148419857,0.0329086966812611,-0.196540743112564,-0.188540309667587,0.157128378748894,-0.0865267962217331,-0.173996895551682,-0.0117594311013818,-0.3075170814991,0.245858460664749,-0.102514274418354,0.233984157443047,-0.0326612778007984,-0.235211342573166,-0.0763604789972305
0.412817031145096,0.519565999507904,0.149484783411026,0.402074933052063,0.279922634363174,0.400189012289047,0.406268447637558,0.299564272165298,0.224161177873611,0.339146375656128,0.391075998544693,0.246410310268402,0.432135909795761,0.310836941003799,0.297981679439545,0.309817224740982,0.326914876699448,0.634077131748199,0.353948950767517,0.609891831874847,0.202209457755089,0.48599299788475,0.62280410528183,0.662354409694672,0.305596202611923,0.673011422157288,0.277950644493103,0.198957830667496,0.465298503637314,0.339586228132248,0.22835011780262,0.302016347646713,-0.160656586289406,0.227601140737534,0.427076041698456,0.345701217651367,0.273417532444,0.534622609615326,0.249413341283798,0.415162295103073,0.289919823408127,0.333807736635208,0.0761804953217506,0.336600571870804,0.54205334186554,0.33852544426918,0.44532036781311,0.20869953930378,0.288037449121475,0.406722247600555,0.30523681640625,0.228698953986168,0.250301539897919,0.386440008878708,0.49119845032692,0.431140840053558,0.271340191364288,0.289979517459869,0.316580802202225,0.314122974872589,0.33265283703804,0.4835065305233,0.479977995157242,0.283153831958771,0.482587724924088,0.220365896821022,0.36218073964119,0.292177140712738,0.230467736721039,0.45641216635704,0.196924775838852,0.305210471153259,0.431213080883026,0.357302457094193,0.256210833787918,0.338040441274643,0.190765127539635,0.510277807712555,0.484113752841949,0.347915530204773,0.338390827178955,0.385970771312714,0.381460160017014,0.316650539636612,0.381583601236343,0.3100546002388,0.461435347795486,0.206819519400597,0.124915421009064,0.32707279920578,0.325356423854828,0.238604128360748,0.372606307268143,0.293313682079315,0.276629567146301,0.22423779964447,0.398849993944168,0.264668583869934,0.335228830575943,0.230654940009117,0.142432034015656,0.424502223730087,0.382483690977097,0.433024734258652,0.361506402492523,0.219452634453773,0.267887532711029,0.386201322078705,0.58327579498291,0.280092090368271,0.217922106385231,0.194399148225784,0.242407530546188,0.379771322011948,0.0959949716925621,0.135841771960258,0.155095726251602,0.19561430811882,0.121608301997185,0.374893963336945,0.371863603591919,0.326255232095718,0.2871033847332,0.444249480962753,0.279071927070618,0.595714032649994,0.4100102186203,0.531815052032471,0.373757302761078,0.351202011108398,0.253670394420624,0.105823621153831,0.535046994686127,-0.0796604827046394,0.236016362905502,0.191829279065132,0.345592141151428,0.481201350688934,0.403600037097931,0.413761526346207,0.413486570119858,0.272004872560501,0.432328760623932,0.171933680772781,0.464000284671783,0.166536301374435,0.314814299345016,0.381330490112305,0.12212860584259,0.380278199911118,0.38822016119957,0.228605896234512,0.218977734446526,0.424091309309006,0.154268071055412,0.446598500013351,0.337557107210159,0.314042180776596,0.233705788850784,0.295103907585144,0.300254493951797,0.319056808948517,0.116818800568581,0.425263434648514,0.293875098228455,0.302718222141266,0.331274479627609,0.227731555700302
0.0286011882126331,0.0498077049851418,0.135742872953415,-0.0668259784579277,-0.25050413608551,0.0202564969658852,-0.0011539263650775,-0.0548695921897888,0.0242907106876373,0.0554516538977623,0.0682892501354218,0.0928535014390945,-0.0770808234810829,-0.115820057690144,0.0352556295692921,-0.0168375037610531,0.0412977635860443,-0.00452004233375192,0.0441475324332714,0.0206485707312822,0.0500921383500099,-0.0201203413307667,0.006880983710289,0.0269447136670351,0.0554004982113838,0.0345321148633957,-0.154058501124382,-0.00699931615963578,-0.0811974480748177,0.221517756581306,0.15091872215271,0.0181130040436983,-0.168838351964951,0.0309346225112677,-0.0993058010935783,0.233806863427162,0.14014658331871,0.129935786128044,0.0850596502423286,0.104134626686573,0.0339241288602352,-0.103419840335846,0.106801323592663,0.00986915826797485,-0.136822089552879,-0.0803811326622963,0.00291251530870795,0.0273174419999123,0.255781173706055,0.243290349841118,-0.00535350292921066,0.117142476141453,-0.182002931833267,0.223250061273575,-0.232783168554306,0.060476154088974,-0.162639424204826,0.0527077205479145,0.0709264427423477,0.0646867528557777,0.195397183299065,0.178359359502792,0.0569160580635071,0.263627499341965,-0.0045506632886827,-0.00170526164583862,-0.153820127248764,0.0814344361424446,0.164733290672302,-0.222174882888794,0.0503200627863407,-0.223874717950821,0.124431177973747,-0.0975154712796211,-0.17172771692276,0.066835030913353,-0.0352779664099216,-0.249715730547905,0.253712207078934,-0.410221666097641,0.0957959517836571,-0.0227207131683826,-0.23185071349144,-0.121806092560291,-0.469671905040741,-0.07721346616745,0.196024000644684,0.452291965484619,0.181971669197083,-0.173497945070267,-0.209043309092522,-0.130258098244667,0.0861413329839706,-0.203069359064102,0.213229209184647,-0.0570880137383938,-0.00289176846854389,-0.0386388376355171,-0.210638016462326,0.132743522524834,-0.220703110098839,-0.012262400239706,-0.340418696403503,0.264206290245056,0.0409282222390175,0.197374314069748,0.132545605301857,0.0196470767259598,-0.135525062680244,0.0664564892649651,0.0282892789691687,-0.435242682695389,-0.160208955407143,0.0880281254649162,0.0122801251709461,0.0430216863751411,0.254030078649521,0.44819912314415,0.146762952208519,0.00359417358413339,-0.33365535736084,-0.179851353168488,0.0138109782710671,-0.366491407155991,-0.0323421508073807,0.145043879747391,-0.0706661567091942,0.27806767821312,-0.0969174206256866,0.159606412053108,0.0422430597245693,0.330489814281464,-0.370158821344376,0.0771856233477592,0.0665751695632935,0.0187883321195841,0.181874856352806,0.11728498339653,-0.150928393006325,0.208136767148972,0.0717303156852722,-0.355985999107361,-0.309743881225586,0.116437152028084,-0.314946532249451,0.2020263671875,-0.156783536076546,0.155234038829803,-0.201839253306389,-0.144008815288544,-0.113222911953926,0.0762936398386955,0.0700347498059273,-0.210771396756172,0.0210473407059908,0.324002742767334,0.224393919110298,-0.161836892366409,0.177335917949677,0.0896623805165291,-0.232990339398384,0.202923938632011,0.149043560028076,0.188927724957466,-0.00727896485477686,-0.141427457332611,-0.0079299071803689,0.0339167378842831
0.0791231021285057,-0.127528563141823,-0.169127285480499,-0.0523639656603336,0.042722299695015,0.165511056780815,-0.0184644348919392,-0.0746146440505981,0.0758297815918922,0.14056296646595,0.132882967591286,0.157416641712189,0.0368603430688381,-0.0332356877624989,0.00535368407145143,0.0298295486718416,-0.00152689183596522,-0.324427157640457,-0.102791808545589,-0.283431798219681,0.0681068226695061,-0.351436138153076,-0.352979391813278,-0.350841909646988,0.00732361292466521,-0.239909484982491,0.0059824176132679,-0.0611812770366669,0.0167096592485905,0.0928882956504822,-0.109087862074375,0.137782737612724,0.459375619888306,0.228852778673172,0.0949293747544289,0.0439978055655956,0.0490889400243759,0.0947435423731804,-0.116993620991707,-0.297348201274872,-0.015457640402019,-0.0873788148164749,0.0974482446908951,0.0435342788696289,-0.0480589270591736,-0.0174400191754103,-0.00624442612752318,-0.141462236642838,-0.155829966068268,-0.042600579559803,-0.10721418261528,-0.000441741023678333,-0.0291993748396635,-0.120445244014263,0.0126396063715219,-0.296420395374298,0.127007201313972,-0.0923794060945511,-0.0590132288634777,0.0555563010275364,0.0273304972797632,-0.209974884986877,0.0404454171657562,-0.0223941672593355,0.160165458917618,-0.150427415966988,0.323074579238892,0.315204650163651,-0.143329575657845,-0.0133042559027672,0.166420519351959,-0.0932503715157509,-0.121625989675522,0.218857526779175,0.274084895849228,0.0855168327689171,-0.0328234806656837,0.060322280973196,0.114155031740665,0.064985103905201,0.105643451213837,0.0157660227268934,0.0918408259749413,-0.0230959691107273,0.206467941403389,-0.0961822643876076,-0.0158665385097265,0.171543270349503,-0.0873266756534576,0.0829361975193024,-0.203974649310112,0.0465092100203037,0.138936042785645,0.0615859813988209,0.110609099268913,0.113983795046806,0.0328298136591911,-0.17084926366806,0.0119791142642498,-0.0345590598881245,-0.174107238650322,0.0179779827594757,0.00426412746310234,0.0855772420763969,0.201104298233986,-0.120640449225903,0.167788743972778,0.210197851061821,-0.250548481941223,0.00972204189747572,-0.0580372959375381,-0.131550669670105,-0.210840746760368,0.00614022091031075,-0.17469148337841,0.756869852542877,0.051239401102066,-0.156653717160225,0.0420586951076984,0.0524132326245308,0.0295424871146679,-0.0913382470607758,-0.0432465858757496,0.108902990818024,-0.25442698597908,0.192284688353539,-0.206254810094833,-0.00988651812076569,-0.0737759694457054,0.0901899188756943,0.214560136198997,0.0186371896415949,-0.41961881518364,0.594748258590698,0.096383161842823,-0.175475165247917,-0.162702426314354,-0.0135588636621833,0.133852377533913,-0.208340719342232,0.222335368394852,0.0700732246041298,0.325961321592331,0.504784286022186,-0.137141242623329,0.20563131570816,0.151368319988251,-0.137973368167877,0.16961245238781,0.486609786748886,-0.00308417319320142,-0.025904543697834,0.178722739219666,0.0886926427483559,-0.0842801854014397,0.20323657989502,0.0112910130992532,0.0679103955626488,-0.016345426440239,0.105373457074165,-0.306751787662506,0.0535343140363693,0.0902825444936752,0.0688818246126175,-0.0756251886487007,-0.308198183774948,0.343390613794327,0.0760641843080521
0.20972253382206,0.176129177212715,0.116601720452309,0.36059695482254,0.29993149638176,0.313425123691559,0.207754254341125,0.352049380540848,0.209794580936432,0.221160486340523,0.236751213669777,0.180817753076553,0.368110209703445,0.37503781914711,0.335054129362106,0.227241694927216,0.244557827711105,0.135867431759834,0.224567860364914,0.1442761272192,0.298808753490448,0.155371323227882,0.141962885856628,0.15092621743679,0.165024384856224,0.15560719370842,0.404602706432343,0.356367468833923,0.237674549221992,0.246903017163277,0.442488461732864,0.25677227973938,0.254434883594513,0.171824038028717,0.254436105489731,0.208868935704231,0.297856837511063,0.291160583496094,0.149704486131668,0.128426626324654,0.277026206254959,0.295168042182922,0.22937323153019,0.22340689599514,0.263135194778442,0.303918361663818,0.243366405367851,0.161203816533089,0.118419371545315,0.33561435341835,0.377673327922821,0.295971572399139,0.341318517923355,0.302124738693237,0.277767330408096,0.234981939196587,0.415777027606964,0.231267035007477,0.430380254983902,0.261496245861053,0.286586046218872,0.233895272016525,0.341023057699203,0.385051995515823,0.297728449106216,0.0517674908041954,0.334285736083984,0.222150519490242,0.170756369829178,0.232441961765289,0.196130365133286,0.343910306692123,0.260673373937607,0.35715040564537,0.323160976171494,0.247142657637596,0.260199397802353,0.324538201093674,0.306936711072922,0.375556915998459,0.253177404403687,0.292546063661575,0.246433526277542,0.455922931432724,0.318137556314468,0.331029772758484,0.307664006948471,0.26370307803154,0.162664026021957,0.259969919919968,0.231766939163208,0.176600694656372,0.283801257610321,0.324848562479019,0.247221723198891,0.319903433322906,0.379984766244888,0.187084808945656,0.441830605268478,0.213680386543274,0.203026786446571,0.227068185806274,0.37002095580101,0.397674828767776,0.23913386464119,0.402829140424728,0.113823294639587,0.268990486860275,0.0799650847911835,0.240743070840836,0.184815764427185,0.331711411476135,0.232347637414932,0.215756073594093,0.215827912092209,0.343976646661758,0.163553595542908,0.286383122205734,0.193235740065575,0.180755451321602,0.447137117385864,0.359336882829666,0.324180126190186,0.361618876457214,0.0948751121759415,0.229595154523849,0.238412514328957,0.127221509814262,0.249645993113518,0.254021555185318,0.221767872571945,0.284227639436722,0.218019738793373,0.302467793226242,0.284481674432755,0.212183028459549,0.294801414012909,0.239564955234528,0.365961104631424,0.332863807678223,0.14084504544735,0.258709847927094,0.439069807529449,0.33059149980545,0.205863252282143,0.151836454868317,0.362444877624512,0.378424435853958,0.216424658894539,0.128163993358612,0.250261664390564,0.175679206848145,0.212260097265244,0.347389072179794,0.178820699453354,0.359877347946167,0.219809174537659,0.189350843429565,0.237060442566872,-0.113635614514351,0.360685080289841,0.177292361855507,0.199033632874489,0.21936896443367,0.181385949254036,0.32642188668251,0.362330913543701,0.313245087862015
-0.0991608425974846,0.0420720539987087,0.0127557786181569,-0.169960618019104,-0.252859979867935,-0.202866047620773,-0.129279896616936,-0.296716928482056,-0.15921026468277,-0.0147917298600078,-0.112982116639614,-0.126468285918236,-0.384158700704575,-0.34483477473259,-0.239553675055504,-0.0071230698376894,-0.0448431074619293,0.104330889880657,-0.0381436198949814,0.133190274238586,-0.0191669873893261,0.13625106215477,0.129993736743927,0.143894195556641,-0.0577429756522179,0.156702727079391,-0.397636324167252,-0.181525960564613,-0.201461032032967,-0.0596331171691418,-0.307146847248077,-0.0695104971528053,-0.221342518925667,-0.132096722722054,-0.222934082150459,0.00423425622284412,-0.135284602642059,-0.173320099711418,-0.0637871026992798,0.241955727338791,-0.150373101234436,-0.142476722598076,-0.0308583173900843,-0.00708900392055511,-0.119756735861301,-0.588824272155762,-0.192113310098648,-0.0509321019053459,0.0453687533736229,-0.0465328805148602,-0.470142811536789,-0.0889551267027855,-0.402952283620834,-0.130262687802315,-0.201132774353027,-0.129316985607147,-0.18796794116497,-0.0562402345240116,-0.340560704469681,-0.142938256263733,-0.0801235362887383,0.0346388928592205,-0.11741254478693,-0.317671418190002,-0.302265137434006,0.0430128648877144,-0.150160849094391,-0.399162173271179,-0.0170980785042048,-0.214011922478676,-0.0738982558250427,-0.374147534370422,-0.331461012363434,-0.273734658956528,-0.0404836237430573,-0.0906996056437492,-0.140057861804962,-0.271938413381577,-0.0660578534007072,-0.071683943271637,-0.297078907489777,-0.455228954553604,-0.216045454144478,-0.42746889591217,-0.305308938026428,-0.171412542462349,-0.270437151193619,0.214925587177277,0.0530628077685833,-0.205169841647148,-0.0421305969357491,-0.00939025543630123,0.00972011499106884,-0.304584711790085,0.0125432554632425,-0.344395846128464,-0.220205202698708,-0.133795082569122,-0.474373906850815,-0.0969252660870552,-0.0852972641587257,-0.158745661377907,-0.375404268503189,0.0453315638005733,-0.226062893867493,-0.330536544322968,0.0803064703941345,-0.220017656683922,0.124410040676594,-0.538833439350128,-0.274179875850677,-0.31109082698822,-0.272609114646912,-0.200225740671158,0.130913078784943,-0.467688798904419,-0.0524816513061523,-0.0357410088181496,0.0694421157240868,-0.0594888739287853,-0.220199465751648,-0.28480076789856,-0.4270199239254,-0.17392772436142,-0.0578038766980171,-0.0495793148875237,0.00850424543023109,0.18364080786705,-0.0738008543848991,-0.194100841879845,-0.0423189513385296,0.0122087290510535,0.000976131297647953,-0.283820956945419,-0.168339923024178,-0.246892541646957,0.0240106415003538,-0.226437136530876,-0.365590840578079,0.161126554012299,-0.113003551959991,-0.1254041492939,-0.183647766709328,-0.307747542858124,-0.0769228637218475,-0.0899837464094162,-0.247568026185036,-0.0799434036016464,-0.106121622025967,-0.222765579819679,-0.0559852756559849,-0.388037592172623,-0.222050160169601,-0.256631016731262,0.0147543670609593,-0.0186553634703159,0.110260598361492,-0.295952469110489,0.080725371837616,0.0775816664099693,-0.118899151682854,0.141036659479141,-0.195559471845627,-0.109526552259922,-0.104318752884865,-0.475631505250931,-0.118012726306915,-0.161049529910088
1.13233983516693,1.12050592899323,0.80660218000412,1.17219066619873,0.899133443832397,1.08584380149841,0.990527212619781,0.813957989215851,1.03563892841339,1.04490864276886,1.07685720920563,1.1390061378479,0.848814725875854,0.862707555294037,0.956336736679077,1.03890907764435,1.12971723079681,1.08040416240692,1.10551798343658,1.06108999252319,0.884937644004822,1.03942322731018,1.09837114810944,1.11682271957397,1.0008932352066,1.11388039588928,0.872432827949524,0.862112462520599,1.05116832256317,1.22312235832214,0.889108419418335,1.0727447271347,0.81607323884964,0.934582412242889,1.03473484516144,0.966363430023193,1.10197591781616,1.07749581336975,0.739334166049957,0.96501350402832,0.954508066177368,1.01224327087402,0.949383735656738,0.789851069450378,1.12176895141602,0.842648446559906,1.02942597866058,0.89893501996994,0.853081047534943,0.987216711044312,0.881170392036438,1.04571795463562,0.866836249828339,0.901069104671478,0.918647587299347,0.836656749248505,0.847156345844269,0.931540846824646,0.878951072692871,1.09841954708099,1.10157763957977,0.908763706684113,1.17426800727844,0.756211340427399,0.832990884780884,0.787826836109161,1.00128281116486,0.849054336547852,0.884322166442871,0.956927895545959,0.783650279045105,0.799028754234314,1.05409812927246,0.915986895561218,0.996555864810944,0.987839102745056,1.04167294502258,1.08420813083649,1.07350218296051,1.16912043094635,0.910373091697693,0.831543266773224,0.955602765083313,1.1072850227356,1.12696325778961,1.05656063556671,0.95160174369812,0.87494969367981,0.814256906509399,1.04930973052979,0.960472643375397,1.00741815567017,0.887136042118073,0.887582421302795,0.897214233875275,0.977093815803528,0.933212995529175,0.808605551719666,0.819835841655731,0.663877189159393,1.03959774971008,1.03635060787201,0.915090203285217,0.920564651489258,0.88937771320343,0.733658194541931,0.883724868297577,1.01953125,0.866165459156036,0.912800312042236,1.00669252872467,0.86349630355835,1.0040248632431,1.03867650032043,0.861663103103638,1.09818434715271,0.872528612613678,0.816723644733429,0.865125238895416,0.807832300662994,0.864328861236572,0.938902020454407,0.732560575008392,1.03734719753265,0.95902007818222,0.904716908931732,1.07809436321259,0.620257556438446,1.04325735569,1.01980340480804,0.882218837738037,1.06433713436127,1.12392270565033,0.923283874988556,1.01175737380981,0.943838477134705,0.816829264163971,0.952621340751648,1.0372861623764,0.81211256980896,0.820599853992462,0.932365119457245,1.09564971923828,1.0110080242157,0.910095155239105,0.695453822612762,1.03056299686432,1.02194595336914,0.817253410816193,1.03641867637634,0.89465057849884,0.779487192630768,0.898656785488129,0.79953533411026,0.904113113880157,0.834504067897797,0.91747772693634,0.830025732517242,1.11808824539185,1.02384114265442,0.768647015094757,0.816087365150452,1.08578300476074,0.936181008815765,0.853517889976501,0.872401535511017,0.851519048213959,0.907654404640198
-0.48006945848465,-0.535534799098969,-0.466585874557495,-0.347282022237778,-0.358292192220688,-0.426285415887833,-0.586268305778503,-0.366833537817001,-0.348282784223557,-0.528540074825287,-0.540459513664246,-0.434454560279846,-0.408926457166672,-0.390050500631332,-0.467484265565872,-0.468816250562668,-0.41391122341156,-0.595660507678986,-0.491013824939728,-0.601194322109222,-0.409859091043472,-0.564604759216309,-0.571539044380188,-0.592163026332855,-0.486732363700867,-0.611615002155304,-0.34501126408577,-0.444159150123596,-0.367516160011292,-0.424336165189743,-0.372748911380768,-0.418712317943573,-0.302339285612106,-0.603607773780823,-0.396128863096237,-0.550295829772949,-0.32949897646904,-0.505045711994171,-0.421677082777023,-0.659674167633057,-0.487655013799667,-0.47729966044426,-0.414099872112274,-0.537731826305389,-0.387337625026703,-0.465530604124069,-0.48293137550354,-0.460049629211426,-0.569907248020172,-0.429129838943481,-0.349861353635788,-0.380008071660995,-0.48259362578392,-0.527629017829895,-0.432152688503265,-0.495685964822769,-0.357863783836365,-0.488524973392487,-0.424768477678299,-0.437023371458054,-0.409909695386887,-0.481034606695175,-0.305656045675278,-0.583653807640076,-0.515186905860901,-0.503388106822968,-0.329890936613083,-0.48879212141037,-0.64822381734848,-0.434663981199265,-0.492739796638489,-0.527123749256134,-0.455692440271378,-0.295553654432297,-0.5096595287323,-0.427017629146576,-0.43828222155571,-0.298123389482498,-0.52301549911499,-0.167595863342285,-0.511388897895813,-0.530218183994293,-0.443503975868225,-0.314646989107132,-0.318192481994629,-0.520906209945679,-0.400192558765411,-0.568436324596405,-0.514901340007782,-0.475837141275406,-0.361449480056763,-0.3524489402771,-0.483919054269791,-0.470443338155746,-0.536580681800842,-0.396674931049347,-0.395876824855804,-0.493023961782455,-0.323254406452179,-0.590117812156677,-0.334190189838409,-0.398958921432495,-0.370809197425842,-0.411182731389999,-0.428407400846481,-0.487758785486221,-0.506723582744598,-0.500104486942291,-0.669760406017303,-0.449955135583878,-0.516008138656616,-0.367260664701462,-0.373588413000107,-0.337973833084106,-0.324925124645233,-0.31863334774971,-0.439424425363541,-0.424045860767365,-0.365900337696075,-0.604331970214844,-0.242060586810112,-0.448694109916687,-0.484629511833191,-0.302861273288727,-0.492631703615189,-0.578491806983948,-0.359875380992889,-0.757070124149323,-0.303320080041885,-0.410981595516205,-0.434246897697449,-0.250630050897598,-0.373663991689682,-0.300193876028061,-0.502158463001251,-0.523899912834167,-0.40048623085022,-0.470193266868591,-0.390630602836609,-0.60365879535675,-0.563057839870453,-0.450999677181244,-0.290250599384308,-0.365056365728378,-0.516401529312134,-0.508993268013,-0.422343403100967,-0.304575055837631,-0.268887758255005,-0.611352801322937,-0.522798836231232,-0.534671008586884,-0.522885620594025,-0.254305511713028,-0.38539382815361,-0.548783361911774,-0.572989940643311,-0.386389911174774,-0.434401094913483,-0.750511705875397,-0.356400668621063,-0.616899430751801,-0.381168574094772,-0.540256679058075,-0.519420146942139,-0.354798018932343,-0.517120599746704,-0.478811115026474
-0.0131988683715463,0.202892780303955,0.173385918140411,-0.020949948579073,-0.0969440713524818,0.0435447208583355,0.133507326245308,0.0239940322935581,-0.0510320775210857,0.130362778902054,0.132914200425148,-0.0267119016498327,0.00509271072223783,0.00299302651546896,0.139836564660072,0.116491004824638,-0.129736080765724,0.302800536155701,0.0019060808699578,0.321210592985153,0.175173819065094,0.288211733102798,0.301977425813675,0.368079870939255,0.195076286792755,0.453767538070679,-0.0398422554135323,0.0287753995507956,-0.169140338897705,-0.0240872967988253,0.0724691897630692,0.0369128361344337,-0.156844556331635,0.136719956994057,-0.12140204757452,0.0387950763106346,0.0376164764165878,0.100466720759869,0.214045837521553,0.38590931892395,0.158310130238533,0.131969645619392,0.08314049243927,0.175838872790337,-0.116850696504116,-0.00990566052496433,0.0899416655302048,-0.021241556853056,0.379872173070908,-0.0221509970724583,-0.0208120718598366,0.120746895670891,-0.177193939685822,0.23071064054966,0.0520902276039124,0.246133357286453,0.0191901922225952,0.129136338829994,0.154284596443176,0.0552164949476719,-0.0764699801802635,0.18258036673069,-0.0512606352567673,0.218190863728523,0.227950662374496,0.0848835334181786,0.100079245865345,0.133737713098526,0.0730656906962395,0.142323553562164,0.0511843971908092,0.157454609870911,-0.0426171533763409,0.113938145339489,-0.0505550019443035,-0.0225706454366446,-0.0185403972864151,-0.0327652655541897,0.215252116322517,0.546712279319763,0.0819273069500923,0.212246686220169,-0.162905886769295,0.0755550190806389,0.0191039852797985,0.0347456634044647,0.209510490298271,0.174612477421761,0.107304304838181,0.0385204628109932,0.202287197113037,0.0117157250642776,0.10553977638483,0.0353621616959572,0.0778143480420113,0.0829335749149323,0.171765595674515,0.152218252420425,-0.0659045577049255,0.185232818126678,-0.0961022675037384,-0.125900581479073,0.10279281437397,0.13005656003952,0.255579560995102,0.0982554480433464,0.0797011032700539,0.148136824369431,0.458386421203613,0.0978756099939346,0.0640657544136047,-0.0738875269889832,0.00184987613465637,0.137324884533882,0.0616349428892136,-0.477864980697632,0.0394345708191395,0.0202630236744881,-0.0747169330716133,0.122122339904308,0.136823624372482,-0.252741903066635,-0.0111147034913301,0.0984964072704315,0.0537152774631977,0.25408947467804,0.226752951741219,0.40425306558609,0.0796264186501503,0.0151789942756295,-0.0162949580699205,-0.0464138388633728,0.0670306235551834,-0.60296368598938,-0.076988011598587,0.0276153068989515,0.18231500685215,0.104509174823761,0.0466154478490353,0.134202256798744,0.21221236884594,0.0418219193816185,0.120761536061764,-0.214722514152527,0.401260167360306,0.0523549988865852,-0.104617275297642,0.227136507630348,-0.206539317965508,-0.0358182042837143,0.376077800989151,0.0868731066584587,-0.00708831567317247,-0.0797501876950264,-0.0361773259937763,0.301712900400162,0.0517284125089645,0.243839770555496,-0.0912283211946487,0.0696641281247139,0.499318659305573,0.00958234164863825,-0.214072749018669,-0.01012122631073,0.124739341437817,0.0916454792022705,0.260852247476578,-0.229308694601059
0.091120645403862,0.077780082821846,0.0227356310933828,-0.152466595172882,-0.131189540028572,0.0192613322287798,0.0647298395633698,-0.117633678019047,-0.158447340130806,0.0862868949770927,0.178435459733009,-0.0712743028998375,-0.0819397494196892,-0.100008264183998,0.00595290027558804,0.131488844752312,-0.0793143287301064,0.230164110660553,-0.0689857006072998,0.174066454172134,0.0814836323261261,0.172380596399307,0.188566491007805,0.225472405552864,0.0389370806515217,0.169592335820198,-0.228725299239159,-0.0708637684583664,-0.104921534657478,-0.0449731834232807,-0.265039414167404,-0.0704382732510567,0.0076812319457531,0.0136244753375649,-0.0227544251829386,0.0498275011777878,-0.155792906880379,-0.0305307619273663,0.0828355476260185,-0.022919625043869,0.00487698195502162,-0.1005739569664,-0.127328008413315,0.101405873894691,0.00857843179255724,-0.0122910933569074,0.0766338706016541,-0.107810571789742,-0.0136859407648444,-0.15278759598732,-0.283003956079483,-0.194621369242668,0.0319613069295883,0.0176960900425911,-0.169748425483704,-0.0150493830442429,-0.140508621931076,-0.0133151961490512,-0.165202140808105,-0.0345948934555054,-0.0400266833603382,-0.0423952527344227,-0.279497653245926,-0.0390941314399242,0.124241821467876,0.190720319747925,0.037068035453558,0.0703146085143089,-0.0268230140209198,-0.0338080637156963,0.0178553387522697,-0.0208876244723797,-0.0437849536538124,-0.175139129161835,-0.164895683526993,-0.0621565207839012,-0.0452616065740585,-0.161055266857147,-0.0992311164736748,-0.210019886493683,0.0418818406760693,0.147844880819321,0.00815838575363159,-0.135896041989326,-0.310750007629395,0.150925397872925,-0.0483983159065247,-0.0780815184116364,0.0615793764591217,0.0976032018661499,-0.249974191188812,-0.0518752299249172,-0.0231767017394304,0.0234447959810495,0.0248661711812019,-0.119660496711731,-0.160808056592941,0.0303987767547369,-0.218697875738144,0.0998048111796379,0.00871124397963285,-0.136136695742607,-0.125862181186676,-0.307844460010529,-0.115613788366318,-0.0589618533849716,-0.0585206486284733,0.0947551876306534,0.156187668442726,-0.181386426091194,-0.00742210680618882,-0.13639172911644,-0.107358872890472,-0.0743380263447762,-0.0948663502931595,-0.175511121749878,-0.27664041519165,-0.213217258453369,-0.190493628382683,0.0631668567657471,-0.179166063666344,0.012263466604054,-0.0627554506063461,-0.290356546640396,0.0463528893887997,0.126213520765305,-0.0485225431621075,0.24373085796833,-0.176898300647736,-0.0213249027729034,0.109768733382225,-0.245969489216805,-0.158572182059288,-0.149425268173218,0.00702125811949372,0.061950471252203,-0.235334798693657,0.0640756040811539,-0.209240257740021,0.022008903324604,0.143742278218269,0.23464746773243,-0.193219527602196,-0.0888529121875763,-0.109879806637764,-0.121906943619251,-0.105085827410221,-0.353302508592606,-0.109178341925144,0.355872988700867,0.26738965511322,-0.0471397526562214,0.0905812010169029,-0.140708759427071,-0.195239797234535,0.021215757355094,0.0364386737346649,-0.085023544728756,-0.0885148867964745,0.0115959635004401,0.0740054920315742,0.00195682561025023,0.00262439507059753,0.0087278988212347,0.136193096637726,-0.308138072490692,-0.0541602000594139,-0.108418896794319
-0.409116983413696,-0.392662405967712,-0.512507677078247,-0.354774355888367,-0.352355599403381,-0.450802326202393,-0.404033154249191,-0.275371551513672,-0.587452292442322,-0.373256891965866,-0.36529603600502,-0.499596416950226,-0.405314683914185,-0.354416519403458,-0.302132457494736,-0.363610655069351,-0.468397170305252,-0.3644660115242,-0.439590841531754,-0.380847334861755,-0.422236174345016,-0.413106739521027,-0.37283980846405,-0.362841188907623,-0.493971765041351,-0.368076115846634,-0.365416705608368,-0.392925083637238,-0.442554980516434,-0.370888203382492,-0.345466673374176,-0.459208011627197,-0.562642931938171,-0.484859853982925,-0.403790801763535,-0.365108698606491,-0.434111773967743,-0.394444018602371,-0.382633239030838,-0.485024660825729,-0.358909755945206,-0.435529142618179,-0.627631604671478,-0.3459432721138,-0.474541515111923,-0.410634487867355,-0.367158532142639,-0.588209509849548,-0.5447798371315,-0.3976711332798,-0.429436713457108,-0.446129232645035,-0.319380074739456,-0.314753741025925,-0.539788365364075,-0.411870032548904,-0.420520603656769,-0.529794871807098,-0.294847548007965,-0.41929903626442,-0.369915425777435,-0.472158312797546,-0.496241688728333,-0.24058698117733,-0.478964447975159,-0.600770652294159,-0.55625182390213,-0.402662217617035,-0.419133096933365,-0.478779077529907,-0.521876037120819,-0.34381952881813,-0.355706065893173,-0.478863418102264,-0.304160803556442,-0.513044834136963,-0.490337640047073,-0.496480107307434,-0.410376906394958,-0.610020458698273,-0.349747478961945,-0.310175031423569,-0.4616639316082,-0.354880452156067,-0.519009709358215,-0.386446893215179,-0.426931947469711,-0.501329004764557,-0.482118487358093,-0.416911572217941,-0.576195597648621,-0.510603129863739,-0.352524310350418,-0.432210624217987,-0.334468096494675,-0.431621223688126,-0.454092711210251,-0.484612464904785,-0.261220097541809,-0.316617459058762,-0.507815957069397,-0.480867207050323,-0.515372037887573,-0.466649621725082,-0.570144832134247,-0.255589067935944,-0.511242568492889,-0.375852286815643,-0.564250528812408,-0.55458927154541,-0.48872509598732,-0.428157597780228,-0.495914399623871,-0.497637450695038,-0.72853410243988,-0.571234822273254,-0.59671950340271,-0.487437009811401,-0.60980623960495,-0.428019911050797,-0.343667834997177,-0.267867386341095,-0.330426901578903,-0.532173633575439,-0.585006475448608,-0.346697092056274,-0.590669333934784,-0.3720523416996,-0.525133967399597,-0.442047595977783,-0.576604902744293,-0.447144240140915,-0.54332822561264,-0.602420270442963,-0.315641194581985,-0.519188582897186,-0.516627728939056,-0.27055823802948,-0.529652416706085,-0.455708175897598,-0.397917479276657,-0.450971096754074,-0.622671246528625,-0.544353902339935,-0.580108284950256,-0.501387357711792,-0.40428701043129,-0.399441927671432,-0.400905758142471,-0.419689029455185,-0.406755238771439,-0.458904415369034,-0.539177358150482,-0.400849461555481,-0.555462777614594,-0.303560137748718,-0.413022130727768,-0.636177718639374,-0.404701292514801,-0.605057954788208,-0.278865456581116,-0.371966898441315,-0.600704252719879,-0.48213317990303,-0.501035869121552,-0.583478033542633,-0.398119956254959,-0.437472015619278
-0.47759547829628,-0.509864926338196,0.0389102101325989,-0.789305746555328,-0.79845267534256,-0.486059457063675,-0.713221967220306,-0.804857015609741,-0.26504111289978,-0.67586749792099,-0.607603907585144,-0.284292727708817,-0.842978298664093,-0.853103280067444,-0.701119899749756,-0.589054584503174,-0.450707644224167,-0.510418057441711,-0.735831260681152,-0.486868977546692,-0.495507329702377,-0.489545434713364,-0.509745180606842,-0.524233937263489,-0.285833686590195,-0.472474873065948,-0.810373842716217,-0.684436202049255,-0.508053362369537,-0.547222077846527,-0.776170313358307,-0.552347660064697,0.101061046123505,-0.533884227275848,-0.638432323932648,-0.641751289367676,-0.477149695158005,-0.597863972187042,-0.352868378162384,-0.347514599561691,-0.646356046199799,-0.694483399391174,-0.250907838344574,-0.790002226829529,-0.658908605575562,-0.806885004043579,-0.683001577854156,-0.26754766702652,-0.282133519649506,-0.716600179672241,-0.816921830177307,-0.528067648410797,-0.80918675661087,-0.682330548763275,-0.653611719608307,-0.612410604953766,-0.694010555744171,-0.335507392883301,-0.858974754810333,-0.622012317180634,-0.606290519237518,-0.546458780765533,-0.606968879699707,-0.668570995330811,-0.619127631187439,-0.216262012720108,-0.428599834442139,-0.449695587158203,-0.745449841022491,-0.597231507301331,-0.342876344919205,-0.76492440700531,-0.561733365058899,-0.660710275173187,-0.828610420227051,-0.558342337608337,-0.470504820346832,-0.699234127998352,-0.606094062328339,-0.5501309633255,-0.665344655513763,-0.707091152667999,-0.659934043884277,-0.708931267261505,-0.715864598751068,-0.694996058940887,-0.429553717374802,-0.219254672527313,-0.256640046834946,-0.745539367198944,-0.37386229634285,-0.510618269443512,-0.854123115539551,-0.699484407901764,-0.784502685070038,-0.64193207025528,-0.681657671928406,-0.396537810564041,-0.838458895683289,-0.596263587474823,-0.471756428480148,-0.533816635608673,-0.840431928634644,-0.713378667831421,-0.532027959823608,-0.956587195396423,-0.411535650491714,-0.624904870986938,-0.232669278979301,-0.407026469707489,-0.49959534406662,-0.673245370388031,-0.532698333263397,-0.552715718746185,-0.231783524155617,-0.284427314996719,-0.247302427887917,-0.19111342728138,-0.227351814508438,-0.712486088275909,-0.829893827438354,-0.96227502822876,-0.94074273109436,-0.769621849060059,-0.418362677097321,-0.637785613536835,-0.520022630691528,-0.337067812681198,-0.485085368156433,-0.60347455739975,-0.271751582622528,-0.498589694499969,-0.607473373413086,-0.162808284163475,-0.664791107177734,-0.18284110724926,-0.340009421110153,-0.617360889911652,-0.646511137485504,-0.20684951543808,-0.513304233551025,-0.695774614810944,-0.557533204555511,-0.532787382602692,-0.401732861995697,-0.36613142490387,-0.699814736843109,-0.669163465499878,-0.729798138141632,-0.353355079889297,-0.502736628055573,-0.498382091522217,-0.304901242256165,-0.727888762950897,-0.434149205684662,-0.676910817623138,-0.578419327735901,-0.322618126869202,-0.554025053977966,-0.67385858297348,-0.541400134563446,-0.676525115966797,-0.463677436113358,-0.442764967679977,-0.359733939170837,-0.500736594200134,-0.581232666969299,-0.373905301094055
-0.499975234270096,-0.443199455738068,-0.500432252883911,-0.386252075433731,-0.323627173900604,-0.454966574907303,-0.323768556118011,-0.34459862112999,-0.47746017575264,-0.386261135339737,-0.394095331430435,-0.42804741859436,-0.27676597237587,-0.238050013780594,-0.392100304365158,-0.405455559492111,-0.505192637443542,-0.419830590486526,-0.342063367366791,-0.417303621768951,-0.374794065952301,-0.453140199184418,-0.439237147569656,-0.453581631183624,-0.437253683805466,-0.415376305580139,-0.263567954301834,-0.314079999923706,-0.448096841573715,-0.504862189292908,-0.271834939718246,-0.413110345602036,-0.632135689258575,-0.250469475984573,-0.427150785923004,-0.459176540374756,-0.41394254565239,-0.440361440181732,-0.369071662425995,-0.378127098083496,-0.399044126272202,-0.363740235567093,-0.403422445058823,-0.303279548883438,-0.432238340377808,-0.302060127258301,-0.385197877883911,-0.45244699716568,-0.361596345901489,-0.319416433572769,-0.29905179142952,-0.426975220441818,-0.358336508274078,-0.380412191152573,-0.218061923980713,-0.296848177909851,-0.279124349355698,-0.456715226173401,-0.3049695789814,-0.437639057636261,-0.488429009914398,-0.40822646021843,-0.373344749212265,-0.286368489265442,-0.369078278541565,-0.477315634489059,-0.389295816421509,-0.438180536031723,-0.363150805234909,-0.390657424926758,-0.446399182081223,-0.217614814639091,-0.409073531627655,-0.306948840618134,-0.263161361217499,-0.396990567445755,-0.465555906295776,-0.378289312124252,-0.35709273815155,-0.290672361850739,-0.407553225755692,-0.316147416830063,-0.388719707727432,-0.301950812339783,-0.180961742997169,-0.334858626127243,-0.31054550409317,-0.416776120662689,-0.405164271593094,-0.29986098408699,-0.343996345996857,-0.450930684804916,-0.233682334423065,-0.324675410985947,-0.428504228591919,-0.34942153096199,-0.240513309836388,-0.428213506937027,-0.34161451458931,-0.30847841501236,-0.494207262992859,-0.395911365747452,-0.195001095533371,-0.23456834256649,-0.292026162147522,-0.252702206373215,-0.412632644176483,-0.415312141180038,-0.435425728559494,-0.407432943582535,-0.41107451915741,-0.247693330049515,-0.343837916851044,-0.4307881295681,-0.482771933078766,-0.511134028434753,-0.343867480754852,-0.460060626268387,-0.435024112462997,-0.347366601228714,-0.33082789182663,-0.273813843727112,-0.243067115545273,-0.271931767463684,-0.448058724403381,-0.408715218305588,-0.36626073718071,-0.41283643245697,-0.355644822120667,-0.415023624897003,-0.441236853599548,-0.435631185770035,-0.346285223960876,-0.553000211715698,-0.387196063995361,-0.504761517047882,-0.437241643667221,-0.358003914356232,-0.44062939286232,-0.585963666439056,-0.446958273649216,-0.344843566417694,-0.177475973963737,-0.412385016679764,-0.306654721498489,-0.388949155807495,-0.387060523033142,-0.310119211673737,-0.52019476890564,-0.368994176387787,-0.414266675710678,-0.378911197185516,-0.439379334449768,-0.46935048699379,-0.468761712312698,-0.242100179195404,-0.440789192914963,-0.366341531276703,-0.529568910598755,-0.374283581972122,-0.218531310558319,-0.387498915195465,-0.526035249233246,-0.437844723463058,-0.548470735549927,-0.463698267936707,-0.288989394903183,-0.437736570835114
